index,para_name,W_in,W_out,lambda_center_nm,T_list2_center,valid,status,basic_mat_path
1,eulersbend_opt_etch_angle_83_h_wg_0.22_W_in_0.45_W_out_0.45_R_min_30_total_angle_deg_30_straight_length_5_N_point_501,0.45,0.45,1550,0.99966893516505,1,simulated,/data/wcli/FDTD_sim/eulersbend_opt_20260409data/dat_eulersbend_opt_20260409/eulersbend_opt_etch_angle_83_h_wg_0.22_W_in_0.45_W_out_0.45_R_min_30_total_angle_deg_30_straight_length_5_N_point_501/basic.mat
2,eulersbend_opt_etch_angle_83_h_wg_0.22_W_in_0.5_W_out_0.45_R_min_30_total_angle_deg_30_straight_length_5_N_point_501,0.5,0.45,1550,0.999604669029069,1,simulated,/data/wcli/FDTD_sim/eulersbend_opt_20260409data/dat_eulersbend_opt_20260409/eulersbend_opt_etch_angle_83_h_wg_0.22_W_in_0.5_W_out_0.45_R_min_30_total_angle_deg_30_straight_length_5_N_point_501/basic.mat
3,eulersbend_opt_etch_angle_83_h_wg_0.22_W_in_0.55_W_out_0.45_R_min_30_total_angle_deg_30_straight_length_5_N_point_501,0.55,0.45,1550,0.999327047425743,1,simulated,/data/wcli/FDTD_sim/eulersbend_opt_20260409data/dat_eulersbend_opt_20260409/eulersbend_opt_etch_angle_83_h_wg_0.22_W_in_0.55_W_out_0.45_R_min_30_total_angle_deg_30_straight_length_5_N_point_501/basic.mat
4,eulersbend_opt_etch_angle_83_h_wg_0.22_W_in_0.6_W_out_0.45_R_min_30_total_angle_deg_30_straight_length_5_N_point_501,0.6,0.45,1550,0.999032563157824,1,simulated,/data/wcli/FDTD_sim/eulersbend_opt_20260409data/dat_eulersbend_opt_20260409/eulersbend_opt_etch_angle_83_h_wg_0.22_W_in_0.6_W_out_0.45_R_min_30_total_angle_deg_30_straight_length_5_N_point_501/basic.mat
5,eulersbend_opt_etch_angle_83_h_wg_0.22_W_in_0.65_W_out_0.45_R_min_30_total_angle_deg_30_straight_length_5_N_point_501,0.65,0.45,1550,0.998737415448423,1,simulated,/data/wcli/FDTD_sim/eulersbend_opt_20260409data/dat_eulersbend_opt_20260409/eulersbend_opt_etch_angle_83_h_wg_0.22_W_in_0.65_W_out_0.45_R_min_30_total_angle_deg_30_straight_length_5_N_point_501/basic.mat
6,eulersbend_opt_etch_angle_83_h_wg_0.22_W_in_0.7_W_out_0.45_R_min_30_total_angle_deg_30_straight_length_5_N_point_501,0.7,0.45,1550,0.998414393045775,1,simulated,/data/wcli/FDTD_sim/eulersbend_opt_20260409data/dat_eulersbend_opt_20260409/eulersbend_opt_etch_angle_83_h_wg_0.22_W_in_0.7_W_out_0.45_R_min_30_total_angle_deg_30_straight_length_5_N_point_501/basic.mat
7,eulersbend_opt_etch_angle_83_h_wg_0.22_W_in_0.75_W_out_0.45_R_min_30_total_angle_deg_30_straight_length_5_N_point_501,0.75,0.45,1550,0.998154243827247,1,simulated,/data/wcli/FDTD_sim/eulersbend_opt_20260409data/dat_eulersbend_opt_20260409/eulersbend_opt_etch_angle_83_h_wg_0.22_W_in_0.75_W_out_0.45_R_min_30_total_angle_deg_30_straight_length_5_N_point_501/basic.mat
8,eulersbend_opt_etch_angle_83_h_wg_0.22_W_in_0.8_W_out_0.45_R_min_30_total_angle_deg_30_straight_length_5_N_point_501,0.8,0.45,1550,0.997849203511143,1,simulated,/data/wcli/FDTD_sim/eulersbend_opt_20260409data/dat_eulersbend_opt_20260409/eulersbend_opt_etch_angle_83_h_wg_0.22_W_in_0.8_W_out_0.45_R_min_30_total_angle_deg_30_straight_length_5_N_point_501/basic.mat
9,eulersbend_opt_etch_angle_83_h_wg_0.22_W_in_0.85_W_out_0.45_R_min_30_total_angle_deg_30_straight_length_5_N_point_501,0.85,0.45,1550,0.997717553784236,1,simulated,/data/wcli/FDTD_sim/eulersbend_opt_20260409data/dat_eulersbend_opt_20260409/eulersbend_opt_etch_angle_83_h_wg_0.22_W_in_0.85_W_out_0.45_R_min_30_total_angle_deg_30_straight_length_5_N_point_501/basic.mat
10,eulersbend_opt_etch_angle_83_h_wg_0.22_W_in_0.9_W_out_0.45_R_min_30_total_angle_deg_30_straight_length_5_N_point_501,0.9,0.45,1550,0.997448491541441,1,simulated,/data/wcli/FDTD_sim/eulersbend_opt_20260409data/dat_eulersbend_opt_20260409/eulersbend_opt_etch_angle_83_h_wg_0.22_W_in_0.9_W_out_0.45_R_min_30_total_angle_deg_30_straight_length_5_N_point_501/basic.mat
11,eulersbend_opt_etch_angle_83_h_wg_0.22_W_in_0.95_W_out_0.45_R_min_30_total_angle_deg_30_straight_length_5_N_point_501,0.95,0.45,1550,0.997409127346425,1,simulated,/data/wcli/FDTD_sim/eulersbend_opt_20260409data/dat_eulersbend_opt_20260409/eulersbend_opt_etch_angle_83_h_wg_0.22_W_in_0.95_W_out_0.45_R_min_30_total_angle_deg_30_straight_length_5_N_point_501/basic.mat
12,eulersbend_opt_etch_angle_83_h_wg_0.22_W_in_1_W_out_0.45_R_min_30_total_angle_deg_30_straight_length_5_N_point_501,1,0.45,1550,0.997211995894424,1,simulated,/data/wcli/FDTD_sim/eulersbend_opt_20260409data/dat_eulersbend_opt_20260409/eulersbend_opt_etch_angle_83_h_wg_0.22_W_in_1_W_out_0.45_R_min_30_total_angle_deg_30_straight_length_5_N_point_501/basic.mat
13,eulersbend_opt_etch_angle_83_h_wg_0.22_W_in_1.05_W_out_0.45_R_min_30_total_angle_deg_30_straight_length_5_N_point_501,1.05,0.45,1550,0.997024681362396,1,simulated,/data/wcli/FDTD_sim/eulersbend_opt_20260409data/dat_eulersbend_opt_20260409/eulersbend_opt_etch_angle_83_h_wg_0.22_W_in_1.05_W_out_0.45_R_min_30_total_angle_deg_30_straight_length_5_N_point_501/basic.mat
14,eulersbend_opt_etch_angle_83_h_wg_0.22_W_in_1.1_W_out_0.45_R_min_30_total_angle_deg_30_straight_length_5_N_point_501,1.1,0.45,1550,0.996939370635017,1,simulated,/data/wcli/FDTD_sim/eulersbend_opt_20260409data/dat_eulersbend_opt_20260409/eulersbend_opt_etch_angle_83_h_wg_0.22_W_in_1.1_W_out_0.45_R_min_30_total_angle_deg_30_straight_length_5_N_point_501/basic.mat
15,eulersbend_opt_etch_angle_83_h_wg_0.22_W_in_1.15_W_out_0.45_R_min_30_total_angle_deg_30_straight_length_5_N_point_501,1.15,0.45,1550,0.996810174227346,1,simulated,/data/wcli/FDTD_sim/eulersbend_opt_20260409data/dat_eulersbend_opt_20260409/eulersbend_opt_etch_angle_83_h_wg_0.22_W_in_1.15_W_out_0.45_R_min_30_total_angle_deg_30_straight_length_5_N_point_501/basic.mat
16,eulersbend_opt_etch_angle_83_h_wg_0.22_W_in_1.2_W_out_0.45_R_min_30_total_angle_deg_30_straight_length_5_N_point_501,1.2,0.45,1550,0.9966041933432,1,simulated,/data/wcli/FDTD_sim/eulersbend_opt_20260409data/dat_eulersbend_opt_20260409/eulersbend_opt_etch_angle_83_h_wg_0.22_W_in_1.2_W_out_0.45_R_min_30_total_angle_deg_30_straight_length_5_N_point_501/basic.mat
17,eulersbend_opt_etch_angle_83_h_wg_0.22_W_in_1.25_W_out_0.45_R_min_30_total_angle_deg_30_straight_length_5_N_point_501,1.25,0.45,1550,0.996493221357467,1,simulated,/data/wcli/FDTD_sim/eulersbend_opt_20260409data/dat_eulersbend_opt_20260409/eulersbend_opt_etch_angle_83_h_wg_0.22_W_in_1.25_W_out_0.45_R_min_30_total_angle_deg_30_straight_length_5_N_point_501/basic.mat
18,eulersbend_opt_etch_angle_83_h_wg_0.22_W_in_1.3_W_out_0.45_R_min_30_total_angle_deg_30_straight_length_5_N_point_501,1.3,0.45,1550,0.99637563723128,1,simulated,/data/wcli/FDTD_sim/eulersbend_opt_20260409data/dat_eulersbend_opt_20260409/eulersbend_opt_etch_angle_83_h_wg_0.22_W_in_1.3_W_out_0.45_R_min_30_total_angle_deg_30_straight_length_5_N_point_501/basic.mat
19,eulersbend_opt_etch_angle_83_h_wg_0.22_W_in_1.35_W_out_0.45_R_min_30_total_angle_deg_30_straight_length_5_N_point_501,1.35,0.45,1550,0.99644596214492,1,simulated,/data/wcli/FDTD_sim/eulersbend_opt_20260409data/dat_eulersbend_opt_20260409/eulersbend_opt_etch_angle_83_h_wg_0.22_W_in_1.35_W_out_0.45_R_min_30_total_angle_deg_30_straight_length_5_N_point_501/basic.mat
20,eulersbend_opt_etch_angle_83_h_wg_0.22_W_in_1.4_W_out_0.45_R_min_30_total_angle_deg_30_straight_length_5_N_point_501,1.4,0.45,1550,0.996381460146051,1,simulated,/data/wcli/FDTD_sim/eulersbend_opt_20260409data/dat_eulersbend_opt_20260409/eulersbend_opt_etch_angle_83_h_wg_0.22_W_in_1.4_W_out_0.45_R_min_30_total_angle_deg_30_straight_length_5_N_point_501/basic.mat
21,eulersbend_opt_etch_angle_83_h_wg_0.22_W_in_1.45_W_out_0.45_R_min_30_total_angle_deg_30_straight_length_5_N_point_501,1.45,0.45,1550,0.996197929174529,1,simulated,/data/wcli/FDTD_sim/eulersbend_opt_20260409data/dat_eulersbend_opt_20260409/eulersbend_opt_etch_angle_83_h_wg_0.22_W_in_1.45_W_out_0.45_R_min_30_total_angle_deg_30_straight_length_5_N_point_501/basic.mat
22,eulersbend_opt_etch_angle_83_h_wg_0.22_W_in_1.5_W_out_0.45_R_min_30_total_angle_deg_30_straight_length_5_N_point_501,1.5,0.45,1550,0.995087211109359,1,simulated,/data/wcli/FDTD_sim/eulersbend_opt_20260409data/dat_eulersbend_opt_20260409/eulersbend_opt_etch_angle_83_h_wg_0.22_W_in_1.5_W_out_0.45_R_min_30_total_angle_deg_30_straight_length_5_N_point_501/basic.mat
23,eulersbend_opt_etch_angle_83_h_wg_0.22_W_in_0.45_W_out_0.5_R_min_30_total_angle_deg_30_straight_length_5_N_point_501,0.45,0.5,1550,0.999883107604274,1,simulated,/data/wcli/FDTD_sim/eulersbend_opt_20260409data/dat_eulersbend_opt_20260409/eulersbend_opt_etch_angle_83_h_wg_0.22_W_in_0.45_W_out_0.5_R_min_30_total_angle_deg_30_straight_length_5_N_point_501/basic.mat
24,eulersbend_opt_etch_angle_83_h_wg_0.22_W_in_0.5_W_out_0.5_R_min_30_total_angle_deg_30_straight_length_5_N_point_501,0.5,0.5,1550,0.999824089082493,1,simulated,/data/wcli/FDTD_sim/eulersbend_opt_20260409data/dat_eulersbend_opt_20260409/eulersbend_opt_etch_angle_83_h_wg_0.22_W_in_0.5_W_out_0.5_R_min_30_total_angle_deg_30_straight_length_5_N_point_501/basic.mat
25,eulersbend_opt_etch_angle_83_h_wg_0.22_W_in_0.55_W_out_0.5_R_min_30_total_angle_deg_30_straight_length_5_N_point_501,0.55,0.5,1550,0.999473189859893,1,simulated,/data/wcli/FDTD_sim/eulersbend_opt_20260409data/dat_eulersbend_opt_20260409/eulersbend_opt_etch_angle_83_h_wg_0.22_W_in_0.55_W_out_0.5_R_min_30_total_angle_deg_30_straight_length_5_N_point_501/basic.mat
26,eulersbend_opt_etch_angle_83_h_wg_0.22_W_in_0.6_W_out_0.5_R_min_30_total_angle_deg_30_straight_length_5_N_point_501,0.6,0.5,1550,0.999134215718218,1,simulated,/data/wcli/FDTD_sim/eulersbend_opt_20260409data/dat_eulersbend_opt_20260409/eulersbend_opt_etch_angle_83_h_wg_0.22_W_in_0.6_W_out_0.5_R_min_30_total_angle_deg_30_straight_length_5_N_point_501/basic.mat
27,eulersbend_opt_etch_angle_83_h_wg_0.22_W_in_0.65_W_out_0.5_R_min_30_total_angle_deg_30_straight_length_5_N_point_501,0.65,0.5,1550,0.998851160799038,1,simulated,/data/wcli/FDTD_sim/eulersbend_opt_20260409data/dat_eulersbend_opt_20260409/eulersbend_opt_etch_angle_83_h_wg_0.22_W_in_0.65_W_out_0.5_R_min_30_total_angle_deg_30_straight_length_5_N_point_501/basic.mat
28,eulersbend_opt_etch_angle_83_h_wg_0.22_W_in_0.7_W_out_0.5_R_min_30_total_angle_deg_30_straight_length_5_N_point_501,0.7,0.5,1550,0.998504264742023,1,simulated,/data/wcli/FDTD_sim/eulersbend_opt_20260409data/dat_eulersbend_opt_20260409/eulersbend_opt_etch_angle_83_h_wg_0.22_W_in_0.7_W_out_0.5_R_min_30_total_angle_deg_30_straight_length_5_N_point_501/basic.mat
29,eulersbend_opt_etch_angle_83_h_wg_0.22_W_in_0.75_W_out_0.5_R_min_30_total_angle_deg_30_straight_length_5_N_point_501,0.75,0.5,1550,0.998336345489227,1,simulated,/data/wcli/FDTD_sim/eulersbend_opt_20260409data/dat_eulersbend_opt_20260409/eulersbend_opt_etch_angle_83_h_wg_0.22_W_in_0.75_W_out_0.5_R_min_30_total_angle_deg_30_straight_length_5_N_point_501/basic.mat
30,eulersbend_opt_etch_angle_83_h_wg_0.22_W_in_0.8_W_out_0.5_R_min_30_total_angle_deg_30_straight_length_5_N_point_501,0.8,0.5,1550,0.998109840502151,1,simulated,/data/wcli/FDTD_sim/eulersbend_opt_20260409data/dat_eulersbend_opt_20260409/eulersbend_opt_etch_angle_83_h_wg_0.22_W_in_0.8_W_out_0.5_R_min_30_total_angle_deg_30_straight_length_5_N_point_501/basic.mat
31,eulersbend_opt_etch_angle_83_h_wg_0.22_W_in_0.85_W_out_0.5_R_min_30_total_angle_deg_30_straight_length_5_N_point_501,0.85,0.5,1550,0.997886085728069,1,simulated,/data/wcli/FDTD_sim/eulersbend_opt_20260409data/dat_eulersbend_opt_20260409/eulersbend_opt_etch_angle_83_h_wg_0.22_W_in_0.85_W_out_0.5_R_min_30_total_angle_deg_30_straight_length_5_N_point_501/basic.mat
32,eulersbend_opt_etch_angle_83_h_wg_0.22_W_in_0.9_W_out_0.5_R_min_30_total_angle_deg_30_straight_length_5_N_point_501,0.9,0.5,1550,0.997747135914901,1,simulated,/data/wcli/FDTD_sim/eulersbend_opt_20260409data/dat_eulersbend_opt_20260409/eulersbend_opt_etch_angle_83_h_wg_0.22_W_in_0.9_W_out_0.5_R_min_30_total_angle_deg_30_straight_length_5_N_point_501/basic.mat
33,eulersbend_opt_etch_angle_83_h_wg_0.22_W_in_0.95_W_out_0.5_R_min_30_total_angle_deg_30_straight_length_5_N_point_501,0.95,0.5,1550,0.997563353297545,1,simulated,/data/wcli/FDTD_sim/eulersbend_opt_20260409data/dat_eulersbend_opt_20260409/eulersbend_opt_etch_angle_83_h_wg_0.22_W_in_0.95_W_out_0.5_R_min_30_total_angle_deg_30_straight_length_5_N_point_501/basic.mat
34,eulersbend_opt_etch_angle_83_h_wg_0.22_W_in_1_W_out_0.5_R_min_30_total_angle_deg_30_straight_length_5_N_point_501,1,0.5,1550,0.997412695192799,1,simulated,/data/wcli/FDTD_sim/eulersbend_opt_20260409data/dat_eulersbend_opt_20260409/eulersbend_opt_etch_angle_83_h_wg_0.22_W_in_1_W_out_0.5_R_min_30_total_angle_deg_30_straight_length_5_N_point_501/basic.mat
35,eulersbend_opt_etch_angle_83_h_wg_0.22_W_in_1.05_W_out_0.5_R_min_30_total_angle_deg_30_straight_length_5_N_point_501,1.05,0.5,1550,0.997264306450167,1,simulated,/data/wcli/FDTD_sim/eulersbend_opt_20260409data/dat_eulersbend_opt_20260409/eulersbend_opt_etch_angle_83_h_wg_0.22_W_in_1.05_W_out_0.5_R_min_30_total_angle_deg_30_straight_length_5_N_point_501/basic.mat
36,eulersbend_opt_etch_angle_83_h_wg_0.22_W_in_1.1_W_out_0.5_R_min_30_total_angle_deg_30_straight_length_5_N_point_501,1.1,0.5,1550,0.997247276577473,1,simulated,/data/wcli/FDTD_sim/eulersbend_opt_20260409data/dat_eulersbend_opt_20260409/eulersbend_opt_etch_angle_83_h_wg_0.22_W_in_1.1_W_out_0.5_R_min_30_total_angle_deg_30_straight_length_5_N_point_501/basic.mat
37,eulersbend_opt_etch_angle_83_h_wg_0.22_W_in_1.15_W_out_0.5_R_min_30_total_angle_deg_30_straight_length_5_N_point_501,1.15,0.5,1550,0.997090601726844,1,simulated,/data/wcli/FDTD_sim/eulersbend_opt_20260409data/dat_eulersbend_opt_20260409/eulersbend_opt_etch_angle_83_h_wg_0.22_W_in_1.15_W_out_0.5_R_min_30_total_angle_deg_30_straight_length_5_N_point_501/basic.mat
38,eulersbend_opt_etch_angle_83_h_wg_0.22_W_in_1.2_W_out_0.5_R_min_30_total_angle_deg_30_straight_length_5_N_point_501,1.2,0.5,1550,0.996918351138988,1,simulated,/data/wcli/FDTD_sim/eulersbend_opt_20260409data/dat_eulersbend_opt_20260409/eulersbend_opt_etch_angle_83_h_wg_0.22_W_in_1.2_W_out_0.5_R_min_30_total_angle_deg_30_straight_length_5_N_point_501/basic.mat
39,eulersbend_opt_etch_angle_83_h_wg_0.22_W_in_1.25_W_out_0.5_R_min_30_total_angle_deg_30_straight_length_5_N_point_501,1.25,0.5,1550,0.996846574293601,1,simulated,/data/wcli/FDTD_sim/eulersbend_opt_20260409data/dat_eulersbend_opt_20260409/eulersbend_opt_etch_angle_83_h_wg_0.22_W_in_1.25_W_out_0.5_R_min_30_total_angle_deg_30_straight_length_5_N_point_501/basic.mat
40,eulersbend_opt_etch_angle_83_h_wg_0.22_W_in_1.3_W_out_0.5_R_min_30_total_angle_deg_30_straight_length_5_N_point_501,1.3,0.5,1550,0.996665283555762,1,simulated,/data/wcli/FDTD_sim/eulersbend_opt_20260409data/dat_eulersbend_opt_20260409/eulersbend_opt_etch_angle_83_h_wg_0.22_W_in_1.3_W_out_0.5_R_min_30_total_angle_deg_30_straight_length_5_N_point_501/basic.mat
41,eulersbend_opt_etch_angle_83_h_wg_0.22_W_in_1.35_W_out_0.5_R_min_30_total_angle_deg_30_straight_length_5_N_point_501,1.35,0.5,1550,0.996797810433557,1,simulated,/data/wcli/FDTD_sim/eulersbend_opt_20260409data/dat_eulersbend_opt_20260409/eulersbend_opt_etch_angle_83_h_wg_0.22_W_in_1.35_W_out_0.5_R_min_30_total_angle_deg_30_straight_length_5_N_point_501/basic.mat
42,eulersbend_opt_etch_angle_83_h_wg_0.22_W_in_1.4_W_out_0.5_R_min_30_total_angle_deg_30_straight_length_5_N_point_501,1.4,0.5,1550,0.996712637145608,1,simulated,/data/wcli/FDTD_sim/eulersbend_opt_20260409data/dat_eulersbend_opt_20260409/eulersbend_opt_etch_angle_83_h_wg_0.22_W_in_1.4_W_out_0.5_R_min_30_total_angle_deg_30_straight_length_5_N_point_501/basic.mat
43,eulersbend_opt_etch_angle_83_h_wg_0.22_W_in_1.45_W_out_0.5_R_min_30_total_angle_deg_30_straight_length_5_N_point_501,1.45,0.5,1550,0.996205244305119,1,simulated,/data/wcli/FDTD_sim/eulersbend_opt_20260409data/dat_eulersbend_opt_20260409/eulersbend_opt_etch_angle_83_h_wg_0.22_W_in_1.45_W_out_0.5_R_min_30_total_angle_deg_30_straight_length_5_N_point_501/basic.mat
44,eulersbend_opt_etch_angle_83_h_wg_0.22_W_in_1.5_W_out_0.5_R_min_30_total_angle_deg_30_straight_length_5_N_point_501,1.5,0.5,1550,0.995741671772401,1,simulated,/data/wcli/FDTD_sim/eulersbend_opt_20260409data/dat_eulersbend_opt_20260409/eulersbend_opt_etch_angle_83_h_wg_0.22_W_in_1.5_W_out_0.5_R_min_30_total_angle_deg_30_straight_length_5_N_point_501/basic.mat
45,eulersbend_opt_etch_angle_83_h_wg_0.22_W_in_0.45_W_out_0.55_R_min_30_total_angle_deg_30_straight_length_5_N_point_501,0.45,0.55,1550,1.00013482524972,1,simulated,/data/wcli/FDTD_sim/eulersbend_opt_20260409data/dat_eulersbend_opt_20260409/eulersbend_opt_etch_angle_83_h_wg_0.22_W_in_0.45_W_out_0.55_R_min_30_total_angle_deg_30_straight_length_5_N_point_501/basic.mat
46,eulersbend_opt_etch_angle_83_h_wg_0.22_W_in_0.5_W_out_0.55_R_min_30_total_angle_deg_30_straight_length_5_N_point_501,0.5,0.55,1550,1.00006415971528,1,simulated,/data/wcli/FDTD_sim/eulersbend_opt_20260409data/dat_eulersbend_opt_20260409/eulersbend_opt_etch_angle_83_h_wg_0.22_W_in_0.5_W_out_0.55_R_min_30_total_angle_deg_30_straight_length_5_N_point_501/basic.mat
47,eulersbend_opt_etch_angle_83_h_wg_0.22_W_in_0.55_W_out_0.55_R_min_30_total_angle_deg_30_straight_length_5_N_point_501,0.55,0.55,1550,0.999655394846356,1,simulated,/data/wcli/FDTD_sim/eulersbend_opt_20260409data/dat_eulersbend_opt_20260409/eulersbend_opt_etch_angle_83_h_wg_0.22_W_in_0.55_W_out_0.55_R_min_30_total_angle_deg_30_straight_length_5_N_point_501/basic.mat
48,eulersbend_opt_etch_angle_83_h_wg_0.22_W_in_0.6_W_out_0.55_R_min_30_total_angle_deg_30_straight_length_5_N_point_501,0.6,0.55,1550,0.999368190197622,1,simulated,/data/wcli/FDTD_sim/eulersbend_opt_20260409data/dat_eulersbend_opt_20260409/eulersbend_opt_etch_angle_83_h_wg_0.22_W_in_0.6_W_out_0.55_R_min_30_total_angle_deg_30_straight_length_5_N_point_501/basic.mat
49,eulersbend_opt_etch_angle_83_h_wg_0.22_W_in_0.65_W_out_0.55_R_min_30_total_angle_deg_30_straight_length_5_N_point_501,0.65,0.55,1550,0.999181890123987,1,simulated,/data/wcli/FDTD_sim/eulersbend_opt_20260409data/dat_eulersbend_opt_20260409/eulersbend_opt_etch_angle_83_h_wg_0.22_W_in_0.65_W_out_0.55_R_min_30_total_angle_deg_30_straight_length_5_N_point_501/basic.mat
50,eulersbend_opt_etch_angle_83_h_wg_0.22_W_in_0.7_W_out_0.55_R_min_30_total_angle_deg_30_straight_length_5_N_point_501,0.7,0.55,1550,0.998864239701438,1,simulated,/data/wcli/FDTD_sim/eulersbend_opt_20260409data/dat_eulersbend_opt_20260409/eulersbend_opt_etch_angle_83_h_wg_0.22_W_in_0.7_W_out_0.55_R_min_30_total_angle_deg_30_straight_length_5_N_point_501/basic.mat
51,eulersbend_opt_etch_angle_83_h_wg_0.22_W_in_0.75_W_out_0.55_R_min_30_total_angle_deg_30_straight_length_5_N_point_501,0.75,0.55,1550,0.99864474547178,1,simulated,/data/wcli/FDTD_sim/eulersbend_opt_20260409data/dat_eulersbend_opt_20260409/eulersbend_opt_etch_angle_83_h_wg_0.22_W_in_0.75_W_out_0.55_R_min_30_total_angle_deg_30_straight_length_5_N_point_501/basic.mat
52,eulersbend_opt_etch_angle_83_h_wg_0.22_W_in_0.8_W_out_0.55_R_min_30_total_angle_deg_30_straight_length_5_N_point_501,0.8,0.55,1550,0.998387516541738,1,simulated,/data/wcli/FDTD_sim/eulersbend_opt_20260409data/dat_eulersbend_opt_20260409/eulersbend_opt_etch_angle_83_h_wg_0.22_W_in_0.8_W_out_0.55_R_min_30_total_angle_deg_30_straight_length_5_N_point_501/basic.mat
53,eulersbend_opt_etch_angle_83_h_wg_0.22_W_in_0.85_W_out_0.55_R_min_30_total_angle_deg_30_straight_length_5_N_point_501,0.85,0.55,1550,0.998150534986043,1,simulated,/data/wcli/FDTD_sim/eulersbend_opt_20260409data/dat_eulersbend_opt_20260409/eulersbend_opt_etch_angle_83_h_wg_0.22_W_in_0.85_W_out_0.55_R_min_30_total_angle_deg_30_straight_length_5_N_point_501/basic.mat
54,eulersbend_opt_etch_angle_83_h_wg_0.22_W_in_0.9_W_out_0.55_R_min_30_total_angle_deg_30_straight_length_5_N_point_501,0.9,0.55,1550,0.99790953893652,1,simulated,/data/wcli/FDTD_sim/eulersbend_opt_20260409data/dat_eulersbend_opt_20260409/eulersbend_opt_etch_angle_83_h_wg_0.22_W_in_0.9_W_out_0.55_R_min_30_total_angle_deg_30_straight_length_5_N_point_501/basic.mat
55,eulersbend_opt_etch_angle_83_h_wg_0.22_W_in_0.95_W_out_0.55_R_min_30_total_angle_deg_30_straight_length_5_N_point_501,0.95,0.55,1550,0.997800415728242,1,simulated,/data/wcli/FDTD_sim/eulersbend_opt_20260409data/dat_eulersbend_opt_20260409/eulersbend_opt_etch_angle_83_h_wg_0.22_W_in_0.95_W_out_0.55_R_min_30_total_angle_deg_30_straight_length_5_N_point_501/basic.mat
56,eulersbend_opt_etch_angle_83_h_wg_0.22_W_in_1_W_out_0.55_R_min_30_total_angle_deg_30_straight_length_5_N_point_501,1,0.55,1550,0.997588065838853,1,simulated,/data/wcli/FDTD_sim/eulersbend_opt_20260409data/dat_eulersbend_opt_20260409/eulersbend_opt_etch_angle_83_h_wg_0.22_W_in_1_W_out_0.55_R_min_30_total_angle_deg_30_straight_length_5_N_point_501/basic.mat
57,eulersbend_opt_etch_angle_83_h_wg_0.22_W_in_1.05_W_out_0.55_R_min_30_total_angle_deg_30_straight_length_5_N_point_501,1.05,0.55,1550,0.997513527127405,1,simulated,/data/wcli/FDTD_sim/eulersbend_opt_20260409data/dat_eulersbend_opt_20260409/eulersbend_opt_etch_angle_83_h_wg_0.22_W_in_1.05_W_out_0.55_R_min_30_total_angle_deg_30_straight_length_5_N_point_501/basic.mat
58,eulersbend_opt_etch_angle_83_h_wg_0.22_W_in_1.1_W_out_0.55_R_min_30_total_angle_deg_30_straight_length_5_N_point_501,1.1,0.55,1550,0.997413943548919,1,simulated,/data/wcli/FDTD_sim/eulersbend_opt_20260409data/dat_eulersbend_opt_20260409/eulersbend_opt_etch_angle_83_h_wg_0.22_W_in_1.1_W_out_0.55_R_min_30_total_angle_deg_30_straight_length_5_N_point_501/basic.mat
59,eulersbend_opt_etch_angle_83_h_wg_0.22_W_in_1.15_W_out_0.55_R_min_30_total_angle_deg_30_straight_length_5_N_point_501,1.15,0.55,1550,0.997214148023471,1,simulated,/data/wcli/FDTD_sim/eulersbend_opt_20260409data/dat_eulersbend_opt_20260409/eulersbend_opt_etch_angle_83_h_wg_0.22_W_in_1.15_W_out_0.55_R_min_30_total_angle_deg_30_straight_length_5_N_point_501/basic.mat
60,eulersbend_opt_etch_angle_83_h_wg_0.22_W_in_1.2_W_out_0.55_R_min_30_total_angle_deg_30_straight_length_5_N_point_501,1.2,0.55,1550,0.997072161319154,1,simulated,/data/wcli/FDTD_sim/eulersbend_opt_20260409data/dat_eulersbend_opt_20260409/eulersbend_opt_etch_angle_83_h_wg_0.22_W_in_1.2_W_out_0.55_R_min_30_total_angle_deg_30_straight_length_5_N_point_501/basic.mat
61,eulersbend_opt_etch_angle_83_h_wg_0.22_W_in_1.25_W_out_0.55_R_min_30_total_angle_deg_30_straight_length_5_N_point_501,1.25,0.55,1550,0.996979933978522,1,simulated,/data/wcli/FDTD_sim/eulersbend_opt_20260409data/dat_eulersbend_opt_20260409/eulersbend_opt_etch_angle_83_h_wg_0.22_W_in_1.25_W_out_0.55_R_min_30_total_angle_deg_30_straight_length_5_N_point_501/basic.mat
62,eulersbend_opt_etch_angle_83_h_wg_0.22_W_in_1.3_W_out_0.55_R_min_30_total_angle_deg_30_straight_length_5_N_point_501,1.3,0.55,1550,0.996970775001501,1,simulated,/data/wcli/FDTD_sim/eulersbend_opt_20260409data/dat_eulersbend_opt_20260409/eulersbend_opt_etch_angle_83_h_wg_0.22_W_in_1.3_W_out_0.55_R_min_30_total_angle_deg_30_straight_length_5_N_point_501/basic.mat
63,eulersbend_opt_etch_angle_83_h_wg_0.22_W_in_1.35_W_out_0.55_R_min_30_total_angle_deg_30_straight_length_5_N_point_501,1.35,0.55,1550,0.997008361998288,1,simulated,/data/wcli/FDTD_sim/eulersbend_opt_20260409data/dat_eulersbend_opt_20260409/eulersbend_opt_etch_angle_83_h_wg_0.22_W_in_1.35_W_out_0.55_R_min_30_total_angle_deg_30_straight_length_5_N_point_501/basic.mat
64,eulersbend_opt_etch_angle_83_h_wg_0.22_W_in_1.4_W_out_0.55_R_min_30_total_angle_deg_30_straight_length_5_N_point_501,1.4,0.55,1550,0.996843825375684,1,simulated,/data/wcli/FDTD_sim/eulersbend_opt_20260409data/dat_eulersbend_opt_20260409/eulersbend_opt_etch_angle_83_h_wg_0.22_W_in_1.4_W_out_0.55_R_min_30_total_angle_deg_30_straight_length_5_N_point_501/basic.mat
65,eulersbend_opt_etch_angle_83_h_wg_0.22_W_in_1.45_W_out_0.55_R_min_30_total_angle_deg_30_straight_length_5_N_point_501,1.45,0.55,1550,0.996567559666563,1,simulated,/data/wcli/FDTD_sim/eulersbend_opt_20260409data/dat_eulersbend_opt_20260409/eulersbend_opt_etch_angle_83_h_wg_0.22_W_in_1.45_W_out_0.55_R_min_30_total_angle_deg_30_straight_length_5_N_point_501/basic.mat
66,eulersbend_opt_etch_angle_83_h_wg_0.22_W_in_1.5_W_out_0.55_R_min_30_total_angle_deg_30_straight_length_5_N_point_501,1.5,0.55,1550,0.995303673325835,1,simulated,/data/wcli/FDTD_sim/eulersbend_opt_20260409data/dat_eulersbend_opt_20260409/eulersbend_opt_etch_angle_83_h_wg_0.22_W_in_1.5_W_out_0.55_R_min_30_total_angle_deg_30_straight_length_5_N_point_501/basic.mat
67,eulersbend_opt_etch_angle_83_h_wg_0.22_W_in_0.45_W_out_0.6_R_min_30_total_angle_deg_30_straight_length_5_N_point_501,0.45,0.6,1550,1.00052528128019,1,simulated,/data/wcli/FDTD_sim/eulersbend_opt_20260409data/dat_eulersbend_opt_20260409/eulersbend_opt_etch_angle_83_h_wg_0.22_W_in_0.45_W_out_0.6_R_min_30_total_angle_deg_30_straight_length_5_N_point_501/basic.mat
68,eulersbend_opt_etch_angle_83_h_wg_0.22_W_in_0.5_W_out_0.6_R_min_30_total_angle_deg_30_straight_length_5_N_point_501,0.5,0.6,1550,1.00043687730747,1,simulated,/data/wcli/FDTD_sim/eulersbend_opt_20260409data/dat_eulersbend_opt_20260409/eulersbend_opt_etch_angle_83_h_wg_0.22_W_in_0.5_W_out_0.6_R_min_30_total_angle_deg_30_straight_length_5_N_point_501/basic.mat
69,eulersbend_opt_etch_angle_83_h_wg_0.22_W_in_0.55_W_out_0.6_R_min_30_total_angle_deg_30_straight_length_5_N_point_501,0.55,0.6,1550,1.00004602888045,1,simulated,/data/wcli/FDTD_sim/eulersbend_opt_20260409data/dat_eulersbend_opt_20260409/eulersbend_opt_etch_angle_83_h_wg_0.22_W_in_0.55_W_out_0.6_R_min_30_total_angle_deg_30_straight_length_5_N_point_501/basic.mat
70,eulersbend_opt_etch_angle_83_h_wg_0.22_W_in_0.6_W_out_0.6_R_min_30_total_angle_deg_30_straight_length_5_N_point_501,0.6,0.6,1550,0.999879990677866,1,simulated,/data/wcli/FDTD_sim/eulersbend_opt_20260409data/dat_eulersbend_opt_20260409/eulersbend_opt_etch_angle_83_h_wg_0.22_W_in_0.6_W_out_0.6_R_min_30_total_angle_deg_30_straight_length_5_N_point_501/basic.mat
71,eulersbend_opt_etch_angle_83_h_wg_0.22_W_in_0.65_W_out_0.6_R_min_30_total_angle_deg_30_straight_length_5_N_point_501,0.65,0.6,1550,0.999503839520322,1,simulated,/data/wcli/FDTD_sim/eulersbend_opt_20260409data/dat_eulersbend_opt_20260409/eulersbend_opt_etch_angle_83_h_wg_0.22_W_in_0.65_W_out_0.6_R_min_30_total_angle_deg_30_straight_length_5_N_point_501/basic.mat
72,eulersbend_opt_etch_angle_83_h_wg_0.22_W_in_0.7_W_out_0.6_R_min_30_total_angle_deg_30_straight_length_5_N_point_501,0.7,0.6,1550,0.999201750074402,1,simulated,/data/wcli/FDTD_sim/eulersbend_opt_20260409data/dat_eulersbend_opt_20260409/eulersbend_opt_etch_angle_83_h_wg_0.22_W_in_0.7_W_out_0.6_R_min_30_total_angle_deg_30_straight_length_5_N_point_501/basic.mat
73,eulersbend_opt_etch_angle_83_h_wg_0.22_W_in_0.75_W_out_0.6_R_min_30_total_angle_deg_30_straight_length_5_N_point_501,0.75,0.6,1550,0.999016750515841,1,simulated,/data/wcli/FDTD_sim/eulersbend_opt_20260409data/dat_eulersbend_opt_20260409/eulersbend_opt_etch_angle_83_h_wg_0.22_W_in_0.75_W_out_0.6_R_min_30_total_angle_deg_30_straight_length_5_N_point_501/basic.mat
74,eulersbend_opt_etch_angle_83_h_wg_0.22_W_in_0.8_W_out_0.6_R_min_30_total_angle_deg_30_straight_length_5_N_point_501,0.8,0.6,1550,0.998775618059873,1,simulated,/data/wcli/FDTD_sim/eulersbend_opt_20260409data/dat_eulersbend_opt_20260409/eulersbend_opt_etch_angle_83_h_wg_0.22_W_in_0.8_W_out_0.6_R_min_30_total_angle_deg_30_straight_length_5_N_point_501/basic.mat
75,eulersbend_opt_etch_angle_83_h_wg_0.22_W_in_0.85_W_out_0.6_R_min_30_total_angle_deg_30_straight_length_5_N_point_501,0.85,0.6,1550,0.998532317735414,1,simulated,/data/wcli/FDTD_sim/eulersbend_opt_20260409data/dat_eulersbend_opt_20260409/eulersbend_opt_etch_angle_83_h_wg_0.22_W_in_0.85_W_out_0.6_R_min_30_total_angle_deg_30_straight_length_5_N_point_501/basic.mat
76,eulersbend_opt_etch_angle_83_h_wg_0.22_W_in_0.9_W_out_0.6_R_min_30_total_angle_deg_30_straight_length_5_N_point_501,0.9,0.6,1550,0.998439268569982,1,simulated,/data/wcli/FDTD_sim/eulersbend_opt_20260409data/dat_eulersbend_opt_20260409/eulersbend_opt_etch_angle_83_h_wg_0.22_W_in_0.9_W_out_0.6_R_min_30_total_angle_deg_30_straight_length_5_N_point_501/basic.mat
77,eulersbend_opt_etch_angle_83_h_wg_0.22_W_in_0.95_W_out_0.6_R_min_30_total_angle_deg_30_straight_length_5_N_point_501,0.95,0.6,1550,0.998263866429266,1,simulated,/data/wcli/FDTD_sim/eulersbend_opt_20260409data/dat_eulersbend_opt_20260409/eulersbend_opt_etch_angle_83_h_wg_0.22_W_in_0.95_W_out_0.6_R_min_30_total_angle_deg_30_straight_length_5_N_point_501/basic.mat
78,eulersbend_opt_etch_angle_83_h_wg_0.22_W_in_1_W_out_0.6_R_min_30_total_angle_deg_30_straight_length_5_N_point_501,1,0.6,1550,0.998086526692201,1,simulated,/data/wcli/FDTD_sim/eulersbend_opt_20260409data/dat_eulersbend_opt_20260409/eulersbend_opt_etch_angle_83_h_wg_0.22_W_in_1_W_out_0.6_R_min_30_total_angle_deg_30_straight_length_5_N_point_501/basic.mat
79,eulersbend_opt_etch_angle_83_h_wg_0.22_W_in_1.05_W_out_0.6_R_min_30_total_angle_deg_30_straight_length_5_N_point_501,1.05,0.6,1550,0.997977143408917,1,simulated,/data/wcli/FDTD_sim/eulersbend_opt_20260409data/dat_eulersbend_opt_20260409/eulersbend_opt_etch_angle_83_h_wg_0.22_W_in_1.05_W_out_0.6_R_min_30_total_angle_deg_30_straight_length_5_N_point_501/basic.mat
80,eulersbend_opt_etch_angle_83_h_wg_0.22_W_in_1.1_W_out_0.6_R_min_30_total_angle_deg_30_straight_length_5_N_point_501,1.1,0.6,1550,0.997845934050877,1,simulated,/data/wcli/FDTD_sim/eulersbend_opt_20260409data/dat_eulersbend_opt_20260409/eulersbend_opt_etch_angle_83_h_wg_0.22_W_in_1.1_W_out_0.6_R_min_30_total_angle_deg_30_straight_length_5_N_point_501/basic.mat
81,eulersbend_opt_etch_angle_83_h_wg_0.22_W_in_1.15_W_out_0.6_R_min_30_total_angle_deg_30_straight_length_5_N_point_501,1.15,0.6,1550,0.997705566969263,1,simulated,/data/wcli/FDTD_sim/eulersbend_opt_20260409data/dat_eulersbend_opt_20260409/eulersbend_opt_etch_angle_83_h_wg_0.22_W_in_1.15_W_out_0.6_R_min_30_total_angle_deg_30_straight_length_5_N_point_501/basic.mat
82,eulersbend_opt_etch_angle_83_h_wg_0.22_W_in_1.2_W_out_0.6_R_min_30_total_angle_deg_30_straight_length_5_N_point_501,1.2,0.6,1550,0.997368361094995,1,simulated,/data/wcli/FDTD_sim/eulersbend_opt_20260409data/dat_eulersbend_opt_20260409/eulersbend_opt_etch_angle_83_h_wg_0.22_W_in_1.2_W_out_0.6_R_min_30_total_angle_deg_30_straight_length_5_N_point_501/basic.mat
83,eulersbend_opt_etch_angle_83_h_wg_0.22_W_in_1.25_W_out_0.6_R_min_30_total_angle_deg_30_straight_length_5_N_point_501,1.25,0.6,1550,0.997364643022336,1,simulated,/data/wcli/FDTD_sim/eulersbend_opt_20260409data/dat_eulersbend_opt_20260409/eulersbend_opt_etch_angle_83_h_wg_0.22_W_in_1.25_W_out_0.6_R_min_30_total_angle_deg_30_straight_length_5_N_point_501/basic.mat
84,eulersbend_opt_etch_angle_83_h_wg_0.22_W_in_1.3_W_out_0.6_R_min_30_total_angle_deg_30_straight_length_5_N_point_501,1.3,0.6,1550,0.997471843880986,1,simulated,/data/wcli/FDTD_sim/eulersbend_opt_20260409data/dat_eulersbend_opt_20260409/eulersbend_opt_etch_angle_83_h_wg_0.22_W_in_1.3_W_out_0.6_R_min_30_total_angle_deg_30_straight_length_5_N_point_501/basic.mat
85,eulersbend_opt_etch_angle_83_h_wg_0.22_W_in_1.35_W_out_0.6_R_min_30_total_angle_deg_30_straight_length_5_N_point_501,1.35,0.6,1550,0.997435853494332,1,simulated,/data/wcli/FDTD_sim/eulersbend_opt_20260409data/dat_eulersbend_opt_20260409/eulersbend_opt_etch_angle_83_h_wg_0.22_W_in_1.35_W_out_0.6_R_min_30_total_angle_deg_30_straight_length_5_N_point_501/basic.mat
86,eulersbend_opt_etch_angle_83_h_wg_0.22_W_in_1.4_W_out_0.6_R_min_30_total_angle_deg_30_straight_length_5_N_point_501,1.4,0.6,1550,0.997173945257562,1,simulated,/data/wcli/FDTD_sim/eulersbend_opt_20260409data/dat_eulersbend_opt_20260409/eulersbend_opt_etch_angle_83_h_wg_0.22_W_in_1.4_W_out_0.6_R_min_30_total_angle_deg_30_straight_length_5_N_point_501/basic.mat
87,eulersbend_opt_etch_angle_83_h_wg_0.22_W_in_1.45_W_out_0.6_R_min_30_total_angle_deg_30_straight_length_5_N_point_501,1.45,0.6,1550,0.996799236789552,1,simulated,/data/wcli/FDTD_sim/eulersbend_opt_20260409data/dat_eulersbend_opt_20260409/eulersbend_opt_etch_angle_83_h_wg_0.22_W_in_1.45_W_out_0.6_R_min_30_total_angle_deg_30_straight_length_5_N_point_501/basic.mat
88,eulersbend_opt_etch_angle_83_h_wg_0.22_W_in_1.5_W_out_0.6_R_min_30_total_angle_deg_30_straight_length_5_N_point_501,1.5,0.6,1550,0.99594304390237,1,simulated,/data/wcli/FDTD_sim/eulersbend_opt_20260409data/dat_eulersbend_opt_20260409/eulersbend_opt_etch_angle_83_h_wg_0.22_W_in_1.5_W_out_0.6_R_min_30_total_angle_deg_30_straight_length_5_N_point_501/basic.mat
89,eulersbend_opt_etch_angle_83_h_wg_0.22_W_in_0.45_W_out_0.65_R_min_30_total_angle_deg_30_straight_length_5_N_point_501,0.45,0.65,1550,1.00081722232805,1,simulated,/data/wcli/FDTD_sim/eulersbend_opt_20260409data/dat_eulersbend_opt_20260409/eulersbend_opt_etch_angle_83_h_wg_0.22_W_in_0.45_W_out_0.65_R_min_30_total_angle_deg_30_straight_length_5_N_point_501/basic.mat
90,eulersbend_opt_etch_angle_83_h_wg_0.22_W_in_0.5_W_out_0.65_R_min_30_total_angle_deg_30_straight_length_5_N_point_501,0.5,0.65,1550,1.00062584947258,1,simulated,/data/wcli/FDTD_sim/eulersbend_opt_20260409data/dat_eulersbend_opt_20260409/eulersbend_opt_etch_angle_83_h_wg_0.22_W_in_0.5_W_out_0.65_R_min_30_total_angle_deg_30_straight_length_5_N_point_501/basic.mat
91,eulersbend_opt_etch_angle_83_h_wg_0.22_W_in_0.55_W_out_0.65_R_min_30_total_angle_deg_30_straight_length_5_N_point_501,0.55,0.65,1550,1.00044722383185,1,simulated,/data/wcli/FDTD_sim/eulersbend_opt_20260409data/dat_eulersbend_opt_20260409/eulersbend_opt_etch_angle_83_h_wg_0.22_W_in_0.55_W_out_0.65_R_min_30_total_angle_deg_30_straight_length_5_N_point_501/basic.mat
92,eulersbend_opt_etch_angle_83_h_wg_0.22_W_in_0.6_W_out_0.65_R_min_30_total_angle_deg_30_straight_length_5_N_point_501,0.6,0.65,1550,0.999997059015771,1,simulated,/data/wcli/FDTD_sim/eulersbend_opt_20260409data/dat_eulersbend_opt_20260409/eulersbend_opt_etch_angle_83_h_wg_0.22_W_in_0.6_W_out_0.65_R_min_30_total_angle_deg_30_straight_length_5_N_point_501/basic.mat
93,eulersbend_opt_etch_angle_83_h_wg_0.22_W_in_0.65_W_out_0.65_R_min_30_total_angle_deg_30_straight_length_5_N_point_501,0.65,0.65,1550,0.999833968610925,1,simulated,/data/wcli/FDTD_sim/eulersbend_opt_20260409data/dat_eulersbend_opt_20260409/eulersbend_opt_etch_angle_83_h_wg_0.22_W_in_0.65_W_out_0.65_R_min_30_total_angle_deg_30_straight_length_5_N_point_501/basic.mat
94,eulersbend_opt_etch_angle_83_h_wg_0.22_W_in_0.7_W_out_0.65_R_min_30_total_angle_deg_30_straight_length_5_N_point_501,0.7,0.65,1550,0.999538114053321,1,simulated,/data/wcli/FDTD_sim/eulersbend_opt_20260409data/dat_eulersbend_opt_20260409/eulersbend_opt_etch_angle_83_h_wg_0.22_W_in_0.7_W_out_0.65_R_min_30_total_angle_deg_30_straight_length_5_N_point_501/basic.mat
95,eulersbend_opt_etch_angle_83_h_wg_0.22_W_in_0.75_W_out_0.65_R_min_30_total_angle_deg_30_straight_length_5_N_point_501,0.75,0.65,1550,0.999320624122212,1,simulated,/data/wcli/FDTD_sim/eulersbend_opt_20260409data/dat_eulersbend_opt_20260409/eulersbend_opt_etch_angle_83_h_wg_0.22_W_in_0.75_W_out_0.65_R_min_30_total_angle_deg_30_straight_length_5_N_point_501/basic.mat
96,eulersbend_opt_etch_angle_83_h_wg_0.22_W_in_0.8_W_out_0.65_R_min_30_total_angle_deg_30_straight_length_5_N_point_501,0.8,0.65,1550,0.999066058593381,1,simulated,/data/wcli/FDTD_sim/eulersbend_opt_20260409data/dat_eulersbend_opt_20260409/eulersbend_opt_etch_angle_83_h_wg_0.22_W_in_0.8_W_out_0.65_R_min_30_total_angle_deg_30_straight_length_5_N_point_501/basic.mat
97,eulersbend_opt_etch_angle_83_h_wg_0.22_W_in_0.85_W_out_0.65_R_min_30_total_angle_deg_30_straight_length_5_N_point_501,0.85,0.65,1550,0.998829309160544,1,simulated,/data/wcli/FDTD_sim/eulersbend_opt_20260409data/dat_eulersbend_opt_20260409/eulersbend_opt_etch_angle_83_h_wg_0.22_W_in_0.85_W_out_0.65_R_min_30_total_angle_deg_30_straight_length_5_N_point_501/basic.mat
98,eulersbend_opt_etch_angle_83_h_wg_0.22_W_in_0.9_W_out_0.65_R_min_30_total_angle_deg_30_straight_length_5_N_point_501,0.9,0.65,1550,0.998655944885508,1,simulated,/data/wcli/FDTD_sim/eulersbend_opt_20260409data/dat_eulersbend_opt_20260409/eulersbend_opt_etch_angle_83_h_wg_0.22_W_in_0.9_W_out_0.65_R_min_30_total_angle_deg_30_straight_length_5_N_point_501/basic.mat
99,eulersbend_opt_etch_angle_83_h_wg_0.22_W_in_0.95_W_out_0.65_R_min_30_total_angle_deg_30_straight_length_5_N_point_501,0.95,0.65,1550,0.998453829525879,1,simulated,/data/wcli/FDTD_sim/eulersbend_opt_20260409data/dat_eulersbend_opt_20260409/eulersbend_opt_etch_angle_83_h_wg_0.22_W_in_0.95_W_out_0.65_R_min_30_total_angle_deg_30_straight_length_5_N_point_501/basic.mat
100,eulersbend_opt_etch_angle_83_h_wg_0.22_W_in_1_W_out_0.65_R_min_30_total_angle_deg_30_straight_length_5_N_point_501,1,0.65,1550,0.998363497466665,1,simulated,/data/wcli/FDTD_sim/eulersbend_opt_20260409data/dat_eulersbend_opt_20260409/eulersbend_opt_etch_angle_83_h_wg_0.22_W_in_1_W_out_0.65_R_min_30_total_angle_deg_30_straight_length_5_N_point_501/basic.mat
101,eulersbend_opt_etch_angle_83_h_wg_0.22_W_in_1.05_W_out_0.65_R_min_30_total_angle_deg_30_straight_length_5_N_point_501,1.05,0.65,1550,0.998214602378951,1,simulated,/data/wcli/FDTD_sim/eulersbend_opt_20260409data/dat_eulersbend_opt_20260409/eulersbend_opt_etch_angle_83_h_wg_0.22_W_in_1.05_W_out_0.65_R_min_30_total_angle_deg_30_straight_length_5_N_point_501/basic.mat
102,eulersbend_opt_etch_angle_83_h_wg_0.22_W_in_1.1_W_out_0.65_R_min_30_total_angle_deg_30_straight_length_5_N_point_501,1.1,0.65,1550,0.998126459296206,1,simulated,/data/wcli/FDTD_sim/eulersbend_opt_20260409data/dat_eulersbend_opt_20260409/eulersbend_opt_etch_angle_83_h_wg_0.22_W_in_1.1_W_out_0.65_R_min_30_total_angle_deg_30_straight_length_5_N_point_501/basic.mat
103,eulersbend_opt_etch_angle_83_h_wg_0.22_W_in_1.15_W_out_0.65_R_min_30_total_angle_deg_30_straight_length_5_N_point_501,1.15,0.65,1550,0.997920100101914,1,simulated,/data/wcli/FDTD_sim/eulersbend_opt_20260409data/dat_eulersbend_opt_20260409/eulersbend_opt_etch_angle_83_h_wg_0.22_W_in_1.15_W_out_0.65_R_min_30_total_angle_deg_30_straight_length_5_N_point_501/basic.mat
104,eulersbend_opt_etch_angle_83_h_wg_0.22_W_in_1.2_W_out_0.65_R_min_30_total_angle_deg_30_straight_length_5_N_point_501,1.2,0.65,1550,0.997592848010426,1,simulated,/data/wcli/FDTD_sim/eulersbend_opt_20260409data/dat_eulersbend_opt_20260409/eulersbend_opt_etch_angle_83_h_wg_0.22_W_in_1.2_W_out_0.65_R_min_30_total_angle_deg_30_straight_length_5_N_point_501/basic.mat
105,eulersbend_opt_etch_angle_83_h_wg_0.22_W_in_1.25_W_out_0.65_R_min_30_total_angle_deg_30_straight_length_5_N_point_501,1.25,0.65,1550,0.997773307141306,1,simulated,/data/wcli/FDTD_sim/eulersbend_opt_20260409data/dat_eulersbend_opt_20260409/eulersbend_opt_etch_angle_83_h_wg_0.22_W_in_1.25_W_out_0.65_R_min_30_total_angle_deg_30_straight_length_5_N_point_501/basic.mat
106,eulersbend_opt_etch_angle_83_h_wg_0.22_W_in_1.3_W_out_0.65_R_min_30_total_angle_deg_30_straight_length_5_N_point_501,1.3,0.65,1550,0.997647519466681,1,simulated,/data/wcli/FDTD_sim/eulersbend_opt_20260409data/dat_eulersbend_opt_20260409/eulersbend_opt_etch_angle_83_h_wg_0.22_W_in_1.3_W_out_0.65_R_min_30_total_angle_deg_30_straight_length_5_N_point_501/basic.mat
107,eulersbend_opt_etch_angle_83_h_wg_0.22_W_in_1.35_W_out_0.65_R_min_30_total_angle_deg_30_straight_length_5_N_point_501,1.35,0.65,1550,0.99773276337362,1,simulated,/data/wcli/FDTD_sim/eulersbend_opt_20260409data/dat_eulersbend_opt_20260409/eulersbend_opt_etch_angle_83_h_wg_0.22_W_in_1.35_W_out_0.65_R_min_30_total_angle_deg_30_straight_length_5_N_point_501/basic.mat
108,eulersbend_opt_etch_angle_83_h_wg_0.22_W_in_1.4_W_out_0.65_R_min_30_total_angle_deg_30_straight_length_5_N_point_501,1.4,0.65,1550,0.997499436569597,1,simulated,/data/wcli/FDTD_sim/eulersbend_opt_20260409data/dat_eulersbend_opt_20260409/eulersbend_opt_etch_angle_83_h_wg_0.22_W_in_1.4_W_out_0.65_R_min_30_total_angle_deg_30_straight_length_5_N_point_501/basic.mat
109,eulersbend_opt_etch_angle_83_h_wg_0.22_W_in_1.45_W_out_0.65_R_min_30_total_angle_deg_30_straight_length_5_N_point_501,1.45,0.65,1550,0.997035193688451,1,simulated,/data/wcli/FDTD_sim/eulersbend_opt_20260409data/dat_eulersbend_opt_20260409/eulersbend_opt_etch_angle_83_h_wg_0.22_W_in_1.45_W_out_0.65_R_min_30_total_angle_deg_30_straight_length_5_N_point_501/basic.mat
110,eulersbend_opt_etch_angle_83_h_wg_0.22_W_in_1.5_W_out_0.65_R_min_30_total_angle_deg_30_straight_length_5_N_point_501,1.5,0.65,1550,0.9958938273334,1,simulated,/data/wcli/FDTD_sim/eulersbend_opt_20260409data/dat_eulersbend_opt_20260409/eulersbend_opt_etch_angle_83_h_wg_0.22_W_in_1.5_W_out_0.65_R_min_30_total_angle_deg_30_straight_length_5_N_point_501/basic.mat
111,eulersbend_opt_etch_angle_83_h_wg_0.22_W_in_0.45_W_out_0.7_R_min_30_total_angle_deg_30_straight_length_5_N_point_501,0.45,0.7,1550,1.00120889690473,1,simulated,/data/wcli/FDTD_sim/eulersbend_opt_20260409data/dat_eulersbend_opt_20260409/eulersbend_opt_etch_angle_83_h_wg_0.22_W_in_0.45_W_out_0.7_R_min_30_total_angle_deg_30_straight_length_5_N_point_501/basic.mat
112,eulersbend_opt_etch_angle_83_h_wg_0.22_W_in_0.5_W_out_0.7_R_min_30_total_angle_deg_30_straight_length_5_N_point_501,0.5,0.7,1550,1.00099831333435,1,simulated,/data/wcli/FDTD_sim/eulersbend_opt_20260409data/dat_eulersbend_opt_20260409/eulersbend_opt_etch_angle_83_h_wg_0.22_W_in_0.5_W_out_0.7_R_min_30_total_angle_deg_30_straight_length_5_N_point_501/basic.mat
113,eulersbend_opt_etch_angle_83_h_wg_0.22_W_in_0.55_W_out_0.7_R_min_30_total_angle_deg_30_straight_length_5_N_point_501,0.55,0.7,1550,1.00085080042582,1,simulated,/data/wcli/FDTD_sim/eulersbend_opt_20260409data/dat_eulersbend_opt_20260409/eulersbend_opt_etch_angle_83_h_wg_0.22_W_in_0.55_W_out_0.7_R_min_30_total_angle_deg_30_straight_length_5_N_point_501/basic.mat
114,eulersbend_opt_etch_angle_83_h_wg_0.22_W_in_0.6_W_out_0.7_R_min_30_total_angle_deg_30_straight_length_5_N_point_501,0.6,0.7,1550,1.0004621531599,1,simulated,/data/wcli/FDTD_sim/eulersbend_opt_20260409data/dat_eulersbend_opt_20260409/eulersbend_opt_etch_angle_83_h_wg_0.22_W_in_0.6_W_out_0.7_R_min_30_total_angle_deg_30_straight_length_5_N_point_501/basic.mat
115,eulersbend_opt_etch_angle_83_h_wg_0.22_W_in_0.65_W_out_0.7_R_min_30_total_angle_deg_30_straight_length_5_N_point_501,0.65,0.7,1550,1.00025413163402,1,simulated,/data/wcli/FDTD_sim/eulersbend_opt_20260409data/dat_eulersbend_opt_20260409/eulersbend_opt_etch_angle_83_h_wg_0.22_W_in_0.65_W_out_0.7_R_min_30_total_angle_deg_30_straight_length_5_N_point_501/basic.mat
116,eulersbend_opt_etch_angle_83_h_wg_0.22_W_in_0.7_W_out_0.7_R_min_30_total_angle_deg_30_straight_length_5_N_point_501,0.7,0.7,1550,0.999824457466528,1,simulated,/data/wcli/FDTD_sim/eulersbend_opt_20260409data/dat_eulersbend_opt_20260409/eulersbend_opt_etch_angle_83_h_wg_0.22_W_in_0.7_W_out_0.7_R_min_30_total_angle_deg_30_straight_length_5_N_point_501/basic.mat
117,eulersbend_opt_etch_angle_83_h_wg_0.22_W_in_0.75_W_out_0.7_R_min_30_total_angle_deg_30_straight_length_5_N_point_501,0.75,0.7,1550,0.999694496704952,1,simulated,/data/wcli/FDTD_sim/eulersbend_opt_20260409data/dat_eulersbend_opt_20260409/eulersbend_opt_etch_angle_83_h_wg_0.22_W_in_0.75_W_out_0.7_R_min_30_total_angle_deg_30_straight_length_5_N_point_501/basic.mat
118,eulersbend_opt_etch_angle_83_h_wg_0.22_W_in_0.8_W_out_0.7_R_min_30_total_angle_deg_30_straight_length_5_N_point_501,0.8,0.7,1550,0.999421501680987,1,simulated,/data/wcli/FDTD_sim/eulersbend_opt_20260409data/dat_eulersbend_opt_20260409/eulersbend_opt_etch_angle_83_h_wg_0.22_W_in_0.8_W_out_0.7_R_min_30_total_angle_deg_30_straight_length_5_N_point_501/basic.mat
119,eulersbend_opt_etch_angle_83_h_wg_0.22_W_in_0.85_W_out_0.7_R_min_30_total_angle_deg_30_straight_length_5_N_point_501,0.85,0.7,1550,0.999133995869696,1,simulated,/data/wcli/FDTD_sim/eulersbend_opt_20260409data/dat_eulersbend_opt_20260409/eulersbend_opt_etch_angle_83_h_wg_0.22_W_in_0.85_W_out_0.7_R_min_30_total_angle_deg_30_straight_length_5_N_point_501/basic.mat
120,eulersbend_opt_etch_angle_83_h_wg_0.22_W_in_0.9_W_out_0.7_R_min_30_total_angle_deg_30_straight_length_5_N_point_501,0.9,0.7,1550,0.998971939913791,1,simulated,/data/wcli/FDTD_sim/eulersbend_opt_20260409data/dat_eulersbend_opt_20260409/eulersbend_opt_etch_angle_83_h_wg_0.22_W_in_0.9_W_out_0.7_R_min_30_total_angle_deg_30_straight_length_5_N_point_501/basic.mat
121,eulersbend_opt_etch_angle_83_h_wg_0.22_W_in_0.95_W_out_0.7_R_min_30_total_angle_deg_30_straight_length_5_N_point_501,0.95,0.7,1550,0.998860425017403,1,simulated,/data/wcli/FDTD_sim/eulersbend_opt_20260409data/dat_eulersbend_opt_20260409/eulersbend_opt_etch_angle_83_h_wg_0.22_W_in_0.95_W_out_0.7_R_min_30_total_angle_deg_30_straight_length_5_N_point_501/basic.mat
122,eulersbend_opt_etch_angle_83_h_wg_0.22_W_in_1_W_out_0.7_R_min_30_total_angle_deg_30_straight_length_5_N_point_501,1,0.7,1550,0.998713270716082,1,simulated,/data/wcli/FDTD_sim/eulersbend_opt_20260409data/dat_eulersbend_opt_20260409/eulersbend_opt_etch_angle_83_h_wg_0.22_W_in_1_W_out_0.7_R_min_30_total_angle_deg_30_straight_length_5_N_point_501/basic.mat
123,eulersbend_opt_etch_angle_83_h_wg_0.22_W_in_1.05_W_out_0.7_R_min_30_total_angle_deg_30_straight_length_5_N_point_501,1.05,0.7,1550,0.998550866352037,1,simulated,/data/wcli/FDTD_sim/eulersbend_opt_20260409data/dat_eulersbend_opt_20260409/eulersbend_opt_etch_angle_83_h_wg_0.22_W_in_1.05_W_out_0.7_R_min_30_total_angle_deg_30_straight_length_5_N_point_501/basic.mat
124,eulersbend_opt_etch_angle_83_h_wg_0.22_W_in_1.1_W_out_0.7_R_min_30_total_angle_deg_30_straight_length_5_N_point_501,1.1,0.7,1550,0.998418740079986,1,simulated,/data/wcli/FDTD_sim/eulersbend_opt_20260409data/dat_eulersbend_opt_20260409/eulersbend_opt_etch_angle_83_h_wg_0.22_W_in_1.1_W_out_0.7_R_min_30_total_angle_deg_30_straight_length_5_N_point_501/basic.mat
125,eulersbend_opt_etch_angle_83_h_wg_0.22_W_in_1.15_W_out_0.7_R_min_30_total_angle_deg_30_straight_length_5_N_point_501,1.15,0.7,1550,0.998303926032269,1,simulated,/data/wcli/FDTD_sim/eulersbend_opt_20260409data/dat_eulersbend_opt_20260409/eulersbend_opt_etch_angle_83_h_wg_0.22_W_in_1.15_W_out_0.7_R_min_30_total_angle_deg_30_straight_length_5_N_point_501/basic.mat
126,eulersbend_opt_etch_angle_83_h_wg_0.22_W_in_1.2_W_out_0.7_R_min_30_total_angle_deg_30_straight_length_5_N_point_501,1.2,0.7,1550,0.998039514554021,1,simulated,/data/wcli/FDTD_sim/eulersbend_opt_20260409data/dat_eulersbend_opt_20260409/eulersbend_opt_etch_angle_83_h_wg_0.22_W_in_1.2_W_out_0.7_R_min_30_total_angle_deg_30_straight_length_5_N_point_501/basic.mat
127,eulersbend_opt_etch_angle_83_h_wg_0.22_W_in_1.25_W_out_0.7_R_min_30_total_angle_deg_30_straight_length_5_N_point_501,1.25,0.7,1550,0.997930555473122,1,simulated,/data/wcli/FDTD_sim/eulersbend_opt_20260409data/dat_eulersbend_opt_20260409/eulersbend_opt_etch_angle_83_h_wg_0.22_W_in_1.25_W_out_0.7_R_min_30_total_angle_deg_30_straight_length_5_N_point_501/basic.mat
128,eulersbend_opt_etch_angle_83_h_wg_0.22_W_in_1.3_W_out_0.7_R_min_30_total_angle_deg_30_straight_length_5_N_point_501,1.3,0.7,1550,0.99800277608087,1,simulated,/data/wcli/FDTD_sim/eulersbend_opt_20260409data/dat_eulersbend_opt_20260409/eulersbend_opt_etch_angle_83_h_wg_0.22_W_in_1.3_W_out_0.7_R_min_30_total_angle_deg_30_straight_length_5_N_point_501/basic.mat
129,eulersbend_opt_etch_angle_83_h_wg_0.22_W_in_1.35_W_out_0.7_R_min_30_total_angle_deg_30_straight_length_5_N_point_501,1.35,0.7,1550,0.998037265571066,1,simulated,/data/wcli/FDTD_sim/eulersbend_opt_20260409data/dat_eulersbend_opt_20260409/eulersbend_opt_etch_angle_83_h_wg_0.22_W_in_1.35_W_out_0.7_R_min_30_total_angle_deg_30_straight_length_5_N_point_501/basic.mat
130,eulersbend_opt_etch_angle_83_h_wg_0.22_W_in_1.4_W_out_0.7_R_min_30_total_angle_deg_30_straight_length_5_N_point_501,1.4,0.7,1550,0.99782266522186,1,simulated,/data/wcli/FDTD_sim/eulersbend_opt_20260409data/dat_eulersbend_opt_20260409/eulersbend_opt_etch_angle_83_h_wg_0.22_W_in_1.4_W_out_0.7_R_min_30_total_angle_deg_30_straight_length_5_N_point_501/basic.mat
131,eulersbend_opt_etch_angle_83_h_wg_0.22_W_in_1.45_W_out_0.7_R_min_30_total_angle_deg_30_straight_length_5_N_point_501,1.45,0.7,1550,0.996810860439906,1,simulated,/data/wcli/FDTD_sim/eulersbend_opt_20260409data/dat_eulersbend_opt_20260409/eulersbend_opt_etch_angle_83_h_wg_0.22_W_in_1.45_W_out_0.7_R_min_30_total_angle_deg_30_straight_length_5_N_point_501/basic.mat
132,eulersbend_opt_etch_angle_83_h_wg_0.22_W_in_1.5_W_out_0.7_R_min_30_total_angle_deg_30_straight_length_5_N_point_501,1.5,0.7,1550,0.996375382488137,1,simulated,/data/wcli/FDTD_sim/eulersbend_opt_20260409data/dat_eulersbend_opt_20260409/eulersbend_opt_etch_angle_83_h_wg_0.22_W_in_1.5_W_out_0.7_R_min_30_total_angle_deg_30_straight_length_5_N_point_501/basic.mat
133,eulersbend_opt_etch_angle_83_h_wg_0.22_W_in_0.45_W_out_0.75_R_min_30_total_angle_deg_30_straight_length_5_N_point_501,0.45,0.75,1550,1.00139519095795,1,simulated,/data/wcli/FDTD_sim/eulersbend_opt_20260409data/dat_eulersbend_opt_20260409/eulersbend_opt_etch_angle_83_h_wg_0.22_W_in_0.45_W_out_0.75_R_min_30_total_angle_deg_30_straight_length_5_N_point_501/basic.mat
134,eulersbend_opt_etch_angle_83_h_wg_0.22_W_in_0.5_W_out_0.75_R_min_30_total_angle_deg_30_straight_length_5_N_point_501,0.5,0.75,1550,1.00130015146827,1,simulated,/data/wcli/FDTD_sim/eulersbend_opt_20260409data/dat_eulersbend_opt_20260409/eulersbend_opt_etch_angle_83_h_wg_0.22_W_in_0.5_W_out_0.75_R_min_30_total_angle_deg_30_straight_length_5_N_point_501/basic.mat
135,eulersbend_opt_etch_angle_83_h_wg_0.22_W_in_0.55_W_out_0.75_R_min_30_total_angle_deg_30_straight_length_5_N_point_501,0.55,0.75,1550,1.00105870886892,1,simulated,/data/wcli/FDTD_sim/eulersbend_opt_20260409data/dat_eulersbend_opt_20260409/eulersbend_opt_etch_angle_83_h_wg_0.22_W_in_0.55_W_out_0.75_R_min_30_total_angle_deg_30_straight_length_5_N_point_501/basic.mat
136,eulersbend_opt_etch_angle_83_h_wg_0.22_W_in_0.6_W_out_0.75_R_min_30_total_angle_deg_30_straight_length_5_N_point_501,0.6,0.75,1550,1.00066587585353,1,simulated,/data/wcli/FDTD_sim/eulersbend_opt_20260409data/dat_eulersbend_opt_20260409/eulersbend_opt_etch_angle_83_h_wg_0.22_W_in_0.6_W_out_0.75_R_min_30_total_angle_deg_30_straight_length_5_N_point_501/basic.mat
137,eulersbend_opt_etch_angle_83_h_wg_0.22_W_in_0.65_W_out_0.75_R_min_30_total_angle_deg_30_straight_length_5_N_point_501,0.65,0.75,1550,1.00048583557038,1,simulated,/data/wcli/FDTD_sim/eulersbend_opt_20260409data/dat_eulersbend_opt_20260409/eulersbend_opt_etch_angle_83_h_wg_0.22_W_in_0.65_W_out_0.75_R_min_30_total_angle_deg_30_straight_length_5_N_point_501/basic.mat
138,eulersbend_opt_etch_angle_83_h_wg_0.22_W_in_0.7_W_out_0.75_R_min_30_total_angle_deg_30_straight_length_5_N_point_501,0.7,0.75,1550,1.00014879304161,1,simulated,/data/wcli/FDTD_sim/eulersbend_opt_20260409data/dat_eulersbend_opt_20260409/eulersbend_opt_etch_angle_83_h_wg_0.22_W_in_0.7_W_out_0.75_R_min_30_total_angle_deg_30_straight_length_5_N_point_501/basic.mat
139,eulersbend_opt_etch_angle_83_h_wg_0.22_W_in_0.75_W_out_0.75_R_min_30_total_angle_deg_30_straight_length_5_N_point_501,0.75,0.75,1550,0.999931091280221,1,simulated,/data/wcli/FDTD_sim/eulersbend_opt_20260409data/dat_eulersbend_opt_20260409/eulersbend_opt_etch_angle_83_h_wg_0.22_W_in_0.75_W_out_0.75_R_min_30_total_angle_deg_30_straight_length_5_N_point_501/basic.mat
140,eulersbend_opt_etch_angle_83_h_wg_0.22_W_in_0.8_W_out_0.75_R_min_30_total_angle_deg_30_straight_length_5_N_point_501,0.8,0.75,1550,0.999615283097993,1,simulated,/data/wcli/FDTD_sim/eulersbend_opt_20260409data/dat_eulersbend_opt_20260409/eulersbend_opt_etch_angle_83_h_wg_0.22_W_in_0.8_W_out_0.75_R_min_30_total_angle_deg_30_straight_length_5_N_point_501/basic.mat
141,eulersbend_opt_etch_angle_83_h_wg_0.22_W_in_0.85_W_out_0.75_R_min_30_total_angle_deg_30_straight_length_5_N_point_501,0.85,0.75,1550,0.999418890752697,1,simulated,/data/wcli/FDTD_sim/eulersbend_opt_20260409data/dat_eulersbend_opt_20260409/eulersbend_opt_etch_angle_83_h_wg_0.22_W_in_0.85_W_out_0.75_R_min_30_total_angle_deg_30_straight_length_5_N_point_501/basic.mat
142,eulersbend_opt_etch_angle_83_h_wg_0.22_W_in_0.9_W_out_0.75_R_min_30_total_angle_deg_30_straight_length_5_N_point_501,0.9,0.75,1550,0.999267993902296,1,simulated,/data/wcli/FDTD_sim/eulersbend_opt_20260409data/dat_eulersbend_opt_20260409/eulersbend_opt_etch_angle_83_h_wg_0.22_W_in_0.9_W_out_0.75_R_min_30_total_angle_deg_30_straight_length_5_N_point_501/basic.mat
143,eulersbend_opt_etch_angle_83_h_wg_0.22_W_in_0.95_W_out_0.75_R_min_30_total_angle_deg_30_straight_length_5_N_point_501,0.95,0.75,1550,0.999049516328191,1,simulated,/data/wcli/FDTD_sim/eulersbend_opt_20260409data/dat_eulersbend_opt_20260409/eulersbend_opt_etch_angle_83_h_wg_0.22_W_in_0.95_W_out_0.75_R_min_30_total_angle_deg_30_straight_length_5_N_point_501/basic.mat
144,eulersbend_opt_etch_angle_83_h_wg_0.22_W_in_1_W_out_0.75_R_min_30_total_angle_deg_30_straight_length_5_N_point_501,1,0.75,1550,0.998842288210037,1,simulated,/data/wcli/FDTD_sim/eulersbend_opt_20260409data/dat_eulersbend_opt_20260409/eulersbend_opt_etch_angle_83_h_wg_0.22_W_in_1_W_out_0.75_R_min_30_total_angle_deg_30_straight_length_5_N_point_501/basic.mat
145,eulersbend_opt_etch_angle_83_h_wg_0.22_W_in_1.05_W_out_0.75_R_min_30_total_angle_deg_30_straight_length_5_N_point_501,1.05,0.75,1550,0.998813509012906,1,simulated,/data/wcli/FDTD_sim/eulersbend_opt_20260409data/dat_eulersbend_opt_20260409/eulersbend_opt_etch_angle_83_h_wg_0.22_W_in_1.05_W_out_0.75_R_min_30_total_angle_deg_30_straight_length_5_N_point_501/basic.mat
146,eulersbend_opt_etch_angle_83_h_wg_0.22_W_in_1.1_W_out_0.75_R_min_30_total_angle_deg_30_straight_length_5_N_point_501,1.1,0.75,1550,0.998630085097882,1,simulated,/data/wcli/FDTD_sim/eulersbend_opt_20260409data/dat_eulersbend_opt_20260409/eulersbend_opt_etch_angle_83_h_wg_0.22_W_in_1.1_W_out_0.75_R_min_30_total_angle_deg_30_straight_length_5_N_point_501/basic.mat
147,eulersbend_opt_etch_angle_83_h_wg_0.22_W_in_1.15_W_out_0.75_R_min_30_total_angle_deg_30_straight_length_5_N_point_501,1.15,0.75,1550,0.998515743756438,1,simulated,/data/wcli/FDTD_sim/eulersbend_opt_20260409data/dat_eulersbend_opt_20260409/eulersbend_opt_etch_angle_83_h_wg_0.22_W_in_1.15_W_out_0.75_R_min_30_total_angle_deg_30_straight_length_5_N_point_501/basic.mat
148,eulersbend_opt_etch_angle_83_h_wg_0.22_W_in_1.2_W_out_0.75_R_min_30_total_angle_deg_30_straight_length_5_N_point_501,1.2,0.75,1550,0.998089130028102,1,simulated,/data/wcli/FDTD_sim/eulersbend_opt_20260409data/dat_eulersbend_opt_20260409/eulersbend_opt_etch_angle_83_h_wg_0.22_W_in_1.2_W_out_0.75_R_min_30_total_angle_deg_30_straight_length_5_N_point_501/basic.mat
149,eulersbend_opt_etch_angle_83_h_wg_0.22_W_in_1.25_W_out_0.75_R_min_30_total_angle_deg_30_straight_length_5_N_point_501,1.25,0.75,1550,0.998314232493478,1,simulated,/data/wcli/FDTD_sim/eulersbend_opt_20260409data/dat_eulersbend_opt_20260409/eulersbend_opt_etch_angle_83_h_wg_0.22_W_in_1.25_W_out_0.75_R_min_30_total_angle_deg_30_straight_length_5_N_point_501/basic.mat
150,eulersbend_opt_etch_angle_83_h_wg_0.22_W_in_1.3_W_out_0.75_R_min_30_total_angle_deg_30_straight_length_5_N_point_501,1.3,0.75,1550,0.998338011288829,1,simulated,/data/wcli/FDTD_sim/eulersbend_opt_20260409data/dat_eulersbend_opt_20260409/eulersbend_opt_etch_angle_83_h_wg_0.22_W_in_1.3_W_out_0.75_R_min_30_total_angle_deg_30_straight_length_5_N_point_501/basic.mat
151,eulersbend_opt_etch_angle_83_h_wg_0.22_W_in_1.35_W_out_0.75_R_min_30_total_angle_deg_30_straight_length_5_N_point_501,1.35,0.75,1550,0.998257481855385,1,simulated,/data/wcli/FDTD_sim/eulersbend_opt_20260409data/dat_eulersbend_opt_20260409/eulersbend_opt_etch_angle_83_h_wg_0.22_W_in_1.35_W_out_0.75_R_min_30_total_angle_deg_30_straight_length_5_N_point_501/basic.mat
152,eulersbend_opt_etch_angle_83_h_wg_0.22_W_in_1.4_W_out_0.75_R_min_30_total_angle_deg_30_straight_length_5_N_point_501,1.4,0.75,1550,0.997750719910216,1,simulated,/data/wcli/FDTD_sim/eulersbend_opt_20260409data/dat_eulersbend_opt_20260409/eulersbend_opt_etch_angle_83_h_wg_0.22_W_in_1.4_W_out_0.75_R_min_30_total_angle_deg_30_straight_length_5_N_point_501/basic.mat
153,eulersbend_opt_etch_angle_83_h_wg_0.22_W_in_1.45_W_out_0.75_R_min_30_total_angle_deg_30_straight_length_5_N_point_501,1.45,0.75,1550,0.997106648162497,1,simulated,/data/wcli/FDTD_sim/eulersbend_opt_20260409data/dat_eulersbend_opt_20260409/eulersbend_opt_etch_angle_83_h_wg_0.22_W_in_1.45_W_out_0.75_R_min_30_total_angle_deg_30_straight_length_5_N_point_501/basic.mat
154,eulersbend_opt_etch_angle_83_h_wg_0.22_W_in_1.5_W_out_0.75_R_min_30_total_angle_deg_30_straight_length_5_N_point_501,1.5,0.75,1550,0.99692201508234,1,simulated,/data/wcli/FDTD_sim/eulersbend_opt_20260409data/dat_eulersbend_opt_20260409/eulersbend_opt_etch_angle_83_h_wg_0.22_W_in_1.5_W_out_0.75_R_min_30_total_angle_deg_30_straight_length_5_N_point_501/basic.mat
155,eulersbend_opt_etch_angle_83_h_wg_0.22_W_in_0.45_W_out_0.8_R_min_30_total_angle_deg_30_straight_length_5_N_point_501,0.45,0.8,1550,1.00168299734192,1,simulated,/data/wcli/FDTD_sim/eulersbend_opt_20260409data/dat_eulersbend_opt_20260409/eulersbend_opt_etch_angle_83_h_wg_0.22_W_in_0.45_W_out_0.8_R_min_30_total_angle_deg_30_straight_length_5_N_point_501/basic.mat
156,eulersbend_opt_etch_angle_83_h_wg_0.22_W_in_0.5_W_out_0.8_R_min_30_total_angle_deg_30_straight_length_5_N_point_501,0.5,0.8,1550,1.00158205347088,1,simulated,/data/wcli/FDTD_sim/eulersbend_opt_20260409data/dat_eulersbend_opt_20260409/eulersbend_opt_etch_angle_83_h_wg_0.22_W_in_0.5_W_out_0.8_R_min_30_total_angle_deg_30_straight_length_5_N_point_501/basic.mat
157,eulersbend_opt_etch_angle_83_h_wg_0.22_W_in_0.55_W_out_0.8_R_min_30_total_angle_deg_30_straight_length_5_N_point_501,0.55,0.8,1550,1.00133091161935,1,simulated,/data/wcli/FDTD_sim/eulersbend_opt_20260409data/dat_eulersbend_opt_20260409/eulersbend_opt_etch_angle_83_h_wg_0.22_W_in_0.55_W_out_0.8_R_min_30_total_angle_deg_30_straight_length_5_N_point_501/basic.mat
158,eulersbend_opt_etch_angle_83_h_wg_0.22_W_in_0.6_W_out_0.8_R_min_30_total_angle_deg_30_straight_length_5_N_point_501,0.6,0.8,1550,1.00096665747005,1,simulated,/data/wcli/FDTD_sim/eulersbend_opt_20260409data/dat_eulersbend_opt_20260409/eulersbend_opt_etch_angle_83_h_wg_0.22_W_in_0.6_W_out_0.8_R_min_30_total_angle_deg_30_straight_length_5_N_point_501/basic.mat
159,eulersbend_opt_etch_angle_83_h_wg_0.22_W_in_0.65_W_out_0.8_R_min_30_total_angle_deg_30_straight_length_5_N_point_501,0.65,0.8,1550,1.00075490877941,1,simulated,/data/wcli/FDTD_sim/eulersbend_opt_20260409data/dat_eulersbend_opt_20260409/eulersbend_opt_etch_angle_83_h_wg_0.22_W_in_0.65_W_out_0.8_R_min_30_total_angle_deg_30_straight_length_5_N_point_501/basic.mat
160,eulersbend_opt_etch_angle_83_h_wg_0.22_W_in_0.7_W_out_0.8_R_min_30_total_angle_deg_30_straight_length_5_N_point_501,0.7,0.8,1550,1.00039752435985,1,simulated,/data/wcli/FDTD_sim/eulersbend_opt_20260409data/dat_eulersbend_opt_20260409/eulersbend_opt_etch_angle_83_h_wg_0.22_W_in_0.7_W_out_0.8_R_min_30_total_angle_deg_30_straight_length_5_N_point_501/basic.mat
161,eulersbend_opt_etch_angle_83_h_wg_0.22_W_in_0.75_W_out_0.8_R_min_30_total_angle_deg_30_straight_length_5_N_point_501,0.75,0.8,1550,1.00016794412887,1,simulated,/data/wcli/FDTD_sim/eulersbend_opt_20260409data/dat_eulersbend_opt_20260409/eulersbend_opt_etch_angle_83_h_wg_0.22_W_in_0.75_W_out_0.8_R_min_30_total_angle_deg_30_straight_length_5_N_point_501/basic.mat
162,eulersbend_opt_etch_angle_83_h_wg_0.22_W_in_0.8_W_out_0.8_R_min_30_total_angle_deg_30_straight_length_5_N_point_501,0.8,0.8,1550,0.999904111248184,1,simulated,/data/wcli/FDTD_sim/eulersbend_opt_20260409data/dat_eulersbend_opt_20260409/eulersbend_opt_etch_angle_83_h_wg_0.22_W_in_0.8_W_out_0.8_R_min_30_total_angle_deg_30_straight_length_5_N_point_501/basic.mat
163,eulersbend_opt_etch_angle_83_h_wg_0.22_W_in_0.85_W_out_0.8_R_min_30_total_angle_deg_30_straight_length_5_N_point_501,0.85,0.8,1550,0.999731597750177,1,simulated,/data/wcli/FDTD_sim/eulersbend_opt_20260409data/dat_eulersbend_opt_20260409/eulersbend_opt_etch_angle_83_h_wg_0.22_W_in_0.85_W_out_0.8_R_min_30_total_angle_deg_30_straight_length_5_N_point_501/basic.mat
164,eulersbend_opt_etch_angle_83_h_wg_0.22_W_in_0.9_W_out_0.8_R_min_30_total_angle_deg_30_straight_length_5_N_point_501,0.9,0.8,1550,0.999444872938369,1,simulated,/data/wcli/FDTD_sim/eulersbend_opt_20260409data/dat_eulersbend_opt_20260409/eulersbend_opt_etch_angle_83_h_wg_0.22_W_in_0.9_W_out_0.8_R_min_30_total_angle_deg_30_straight_length_5_N_point_501/basic.mat
165,eulersbend_opt_etch_angle_83_h_wg_0.22_W_in_0.95_W_out_0.8_R_min_30_total_angle_deg_30_straight_length_5_N_point_501,0.95,0.8,1550,0.99929314279334,1,simulated,/data/wcli/FDTD_sim/eulersbend_opt_20260409data/dat_eulersbend_opt_20260409/eulersbend_opt_etch_angle_83_h_wg_0.22_W_in_0.95_W_out_0.8_R_min_30_total_angle_deg_30_straight_length_5_N_point_501/basic.mat
166,eulersbend_opt_etch_angle_83_h_wg_0.22_W_in_1_W_out_0.8_R_min_30_total_angle_deg_30_straight_length_5_N_point_501,1,0.8,1550,0.999163070185297,1,simulated,/data/wcli/FDTD_sim/eulersbend_opt_20260409data/dat_eulersbend_opt_20260409/eulersbend_opt_etch_angle_83_h_wg_0.22_W_in_1_W_out_0.8_R_min_30_total_angle_deg_30_straight_length_5_N_point_501/basic.mat
167,eulersbend_opt_etch_angle_83_h_wg_0.22_W_in_1.05_W_out_0.8_R_min_30_total_angle_deg_30_straight_length_5_N_point_501,1.05,0.8,1550,0.999034241559163,1,simulated,/data/wcli/FDTD_sim/eulersbend_opt_20260409data/dat_eulersbend_opt_20260409/eulersbend_opt_etch_angle_83_h_wg_0.22_W_in_1.05_W_out_0.8_R_min_30_total_angle_deg_30_straight_length_5_N_point_501/basic.mat
168,eulersbend_opt_etch_angle_83_h_wg_0.22_W_in_1.1_W_out_0.8_R_min_30_total_angle_deg_30_straight_length_5_N_point_501,1.1,0.8,1550,0.998925016270979,1,simulated,/data/wcli/FDTD_sim/eulersbend_opt_20260409data/dat_eulersbend_opt_20260409/eulersbend_opt_etch_angle_83_h_wg_0.22_W_in_1.1_W_out_0.8_R_min_30_total_angle_deg_30_straight_length_5_N_point_501/basic.mat
169,eulersbend_opt_etch_angle_83_h_wg_0.22_W_in_1.15_W_out_0.8_R_min_30_total_angle_deg_30_straight_length_5_N_point_501,1.15,0.8,1550,0.998749514307113,1,simulated,/data/wcli/FDTD_sim/eulersbend_opt_20260409data/dat_eulersbend_opt_20260409/eulersbend_opt_etch_angle_83_h_wg_0.22_W_in_1.15_W_out_0.8_R_min_30_total_angle_deg_30_straight_length_5_N_point_501/basic.mat
170,eulersbend_opt_etch_angle_83_h_wg_0.22_W_in_1.2_W_out_0.8_R_min_30_total_angle_deg_30_straight_length_5_N_point_501,1.2,0.8,1550,0.998425876067425,1,simulated,/data/wcli/FDTD_sim/eulersbend_opt_20260409data/dat_eulersbend_opt_20260409/eulersbend_opt_etch_angle_83_h_wg_0.22_W_in_1.2_W_out_0.8_R_min_30_total_angle_deg_30_straight_length_5_N_point_501/basic.mat
171,eulersbend_opt_etch_angle_83_h_wg_0.22_W_in_1.25_W_out_0.8_R_min_30_total_angle_deg_30_straight_length_5_N_point_501,1.25,0.8,1550,0.998575022708012,1,simulated,/data/wcli/FDTD_sim/eulersbend_opt_20260409data/dat_eulersbend_opt_20260409/eulersbend_opt_etch_angle_83_h_wg_0.22_W_in_1.25_W_out_0.8_R_min_30_total_angle_deg_30_straight_length_5_N_point_501/basic.mat
NaN,,NaN,NaN,NaN,NaN,0,,
NaN,,NaN,NaN,NaN,NaN,0,,
NaN,,NaN,NaN,NaN,NaN,0,,
NaN,,NaN,NaN,NaN,NaN,0,,
NaN,,NaN,NaN,NaN,NaN,0,,
NaN,,NaN,NaN,NaN,NaN,0,,
NaN,,NaN,NaN,NaN,NaN,0,,
NaN,,NaN,NaN,NaN,NaN,0,,
NaN,,NaN,NaN,NaN,NaN,0,,
NaN,,NaN,NaN,NaN,NaN,0,,
NaN,,NaN,NaN,NaN,NaN,0,,
NaN,,NaN,NaN,NaN,NaN,0,,
NaN,,NaN,NaN,NaN,NaN,0,,
NaN,,NaN,NaN,NaN,NaN,0,,
NaN,,NaN,NaN,NaN,NaN,0,,
NaN,,NaN,NaN,NaN,NaN,0,,
NaN,,NaN,NaN,NaN,NaN,0,,
NaN,,NaN,NaN,NaN,NaN,0,,
NaN,,NaN,NaN,NaN,NaN,0,,
NaN,,NaN,NaN,NaN,NaN,0,,
NaN,,NaN,NaN,NaN,NaN,0,,
NaN,,NaN,NaN,NaN,NaN,0,,
NaN,,NaN,NaN,NaN,NaN,0,,
NaN,,NaN,NaN,NaN,NaN,0,,
NaN,,NaN,NaN,NaN,NaN,0,,
NaN,,NaN,NaN,NaN,NaN,0,,
NaN,,NaN,NaN,NaN,NaN,0,,
NaN,,NaN,NaN,NaN,NaN,0,,
NaN,,NaN,NaN,NaN,NaN,0,,
NaN,,NaN,NaN,NaN,NaN,0,,
NaN,,NaN,NaN,NaN,NaN,0,,
NaN,,NaN,NaN,NaN,NaN,0,,
NaN,,NaN,NaN,NaN,NaN,0,,
NaN,,NaN,NaN,NaN,NaN,0,,
NaN,,NaN,NaN,NaN,NaN,0,,
NaN,,NaN,NaN,NaN,NaN,0,,
NaN,,NaN,NaN,NaN,NaN,0,,
NaN,,NaN,NaN,NaN,NaN,0,,
NaN,,NaN,NaN,NaN,NaN,0,,
NaN,,NaN,NaN,NaN,NaN,0,,
NaN,,NaN,NaN,NaN,NaN,0,,
NaN,,NaN,NaN,NaN,NaN,0,,
NaN,,NaN,NaN,NaN,NaN,0,,
NaN,,NaN,NaN,NaN,NaN,0,,
NaN,,NaN,NaN,NaN,NaN,0,,
NaN,,NaN,NaN,NaN,NaN,0,,
NaN,,NaN,NaN,NaN,NaN,0,,
NaN,,NaN,NaN,NaN,NaN,0,,
NaN,,NaN,NaN,NaN,NaN,0,,
NaN,,NaN,NaN,NaN,NaN,0,,
NaN,,NaN,NaN,NaN,NaN,0,,
NaN,,NaN,NaN,NaN,NaN,0,,
NaN,,NaN,NaN,NaN,NaN,0,,
NaN,,NaN,NaN,NaN,NaN,0,,
NaN,,NaN,NaN,NaN,NaN,0,,
NaN,,NaN,NaN,NaN,NaN,0,,
NaN,,NaN,NaN,NaN,NaN,0,,
NaN,,NaN,NaN,NaN,NaN,0,,
NaN,,NaN,NaN,NaN,NaN,0,,
NaN,,NaN,NaN,NaN,NaN,0,,
NaN,,NaN,NaN,NaN,NaN,0,,
NaN,,NaN,NaN,NaN,NaN,0,,
NaN,,NaN,NaN,NaN,NaN,0,,
NaN,,NaN,NaN,NaN,NaN,0,,
NaN,,NaN,NaN,NaN,NaN,0,,
NaN,,NaN,NaN,NaN,NaN,0,,
NaN,,NaN,NaN,NaN,NaN,0,,
NaN,,NaN,NaN,NaN,NaN,0,,
NaN,,NaN,NaN,NaN,NaN,0,,
NaN,,NaN,NaN,NaN,NaN,0,,
NaN,,NaN,NaN,NaN,NaN,0,,
NaN,,NaN,NaN,NaN,NaN,0,,
NaN,,NaN,NaN,NaN,NaN,0,,
NaN,,NaN,NaN,NaN,NaN,0,,
NaN,,NaN,NaN,NaN,NaN,0,,
NaN,,NaN,NaN,NaN,NaN,0,,
NaN,,NaN,NaN,NaN,NaN,0,,
NaN,,NaN,NaN,NaN,NaN,0,,
NaN,,NaN,NaN,NaN,NaN,0,,
NaN,,NaN,NaN,NaN,NaN,0,,
NaN,,NaN,NaN,NaN,NaN,0,,
NaN,,NaN,NaN,NaN,NaN,0,,
NaN,,NaN,NaN,NaN,NaN,0,,
NaN,,NaN,NaN,NaN,NaN,0,,
NaN,,NaN,NaN,NaN,NaN,0,,
NaN,,NaN,NaN,NaN,NaN,0,,
NaN,,NaN,NaN,NaN,NaN,0,,
NaN,,NaN,NaN,NaN,NaN,0,,
NaN,,NaN,NaN,NaN,NaN,0,,
NaN,,NaN,NaN,NaN,NaN,0,,
NaN,,NaN,NaN,NaN,NaN,0,,
NaN,,NaN,NaN,NaN,NaN,0,,
NaN,,NaN,NaN,NaN,NaN,0,,
NaN,,NaN,NaN,NaN,NaN,0,,
NaN,,NaN,NaN,NaN,NaN,0,,
NaN,,NaN,NaN,NaN,NaN,0,,
NaN,,NaN,NaN,NaN,NaN,0,,
NaN,,NaN,NaN,NaN,NaN,0,,
NaN,,NaN,NaN,NaN,NaN,0,,
NaN,,NaN,NaN,NaN,NaN,0,,
NaN,,NaN,NaN,NaN,NaN,0,,
NaN,,NaN,NaN,NaN,NaN,0,,
NaN,,NaN,NaN,NaN,NaN,0,,
NaN,,NaN,NaN,NaN,NaN,0,,
NaN,,NaN,NaN,NaN,NaN,0,,
NaN,,NaN,NaN,NaN,NaN,0,,
NaN,,NaN,NaN,NaN,NaN,0,,
NaN,,NaN,NaN,NaN,NaN,0,,
NaN,,NaN,NaN,NaN,NaN,0,,
NaN,,NaN,NaN,NaN,NaN,0,,
NaN,,NaN,NaN,NaN,NaN,0,,
NaN,,NaN,NaN,NaN,NaN,0,,
NaN,,NaN,NaN,NaN,NaN,0,,
NaN,,NaN,NaN,NaN,NaN,0,,
NaN,,NaN,NaN,NaN,NaN,0,,
NaN,,NaN,NaN,NaN,NaN,0,,
NaN,,NaN,NaN,NaN,NaN,0,,
NaN,,NaN,NaN,NaN,NaN,0,,
NaN,,NaN,NaN,NaN,NaN,0,,
NaN,,NaN,NaN,NaN,NaN,0,,
NaN,,NaN,NaN,NaN,NaN,0,,
NaN,,NaN,NaN,NaN,NaN,0,,
NaN,,NaN,NaN,NaN,NaN,0,,
NaN,,NaN,NaN,NaN,NaN,0,,
NaN,,NaN,NaN,NaN,NaN,0,,
NaN,,NaN,NaN,NaN,NaN,0,,
NaN,,NaN,NaN,NaN,NaN,0,,
NaN,,NaN,NaN,NaN,NaN,0,,
NaN,,NaN,NaN,NaN,NaN,0,,
NaN,,NaN,NaN,NaN,NaN,0,,
NaN,,NaN,NaN,NaN,NaN,0,,
NaN,,NaN,NaN,NaN,NaN,0,,
NaN,,NaN,NaN,NaN,NaN,0,,
NaN,,NaN,NaN,NaN,NaN,0,,
NaN,,NaN,NaN,NaN,NaN,0,,
NaN,,NaN,NaN,NaN,NaN,0,,
NaN,,NaN,NaN,NaN,NaN,0,,
NaN,,NaN,NaN,NaN,NaN,0,,
NaN,,NaN,NaN,NaN,NaN,0,,
NaN,,NaN,NaN,NaN,NaN,0,,
NaN,,NaN,NaN,NaN,NaN,0,,
NaN,,NaN,NaN,NaN,NaN,0,,
NaN,,NaN,NaN,NaN,NaN,0,,
NaN,,NaN,NaN,NaN,NaN,0,,
NaN,,NaN,NaN,NaN,NaN,0,,
NaN,,NaN,NaN,NaN,NaN,0,,
NaN,,NaN,NaN,NaN,NaN,0,,
NaN,,NaN,NaN,NaN,NaN,0,,
NaN,,NaN,NaN,NaN,NaN,0,,
NaN,,NaN,NaN,NaN,NaN,0,,
NaN,,NaN,NaN,NaN,NaN,0,,
NaN,,NaN,NaN,NaN,NaN,0,,
NaN,,NaN,NaN,NaN,NaN,0,,
NaN,,NaN,NaN,NaN,NaN,0,,
NaN,,NaN,NaN,NaN,NaN,0,,
NaN,,NaN,NaN,NaN,NaN,0,,
NaN,,NaN,NaN,NaN,NaN,0,,
NaN,,NaN,NaN,NaN,NaN,0,,
NaN,,NaN,NaN,NaN,NaN,0,,
NaN,,NaN,NaN,NaN,NaN,0,,
NaN,,NaN,NaN,NaN,NaN,0,,
NaN,,NaN,NaN,NaN,NaN,0,,
NaN,,NaN,NaN,NaN,NaN,0,,
NaN,,NaN,NaN,NaN,NaN,0,,
NaN,,NaN,NaN,NaN,NaN,0,,
NaN,,NaN,NaN,NaN,NaN,0,,
NaN,,NaN,NaN,NaN,NaN,0,,
NaN,,NaN,NaN,NaN,NaN,0,,
NaN,,NaN,NaN,NaN,NaN,0,,
NaN,,NaN,NaN,NaN,NaN,0,,
NaN,,NaN,NaN,NaN,NaN,0,,
NaN,,NaN,NaN,NaN,NaN,0,,
NaN,,NaN,NaN,NaN,NaN,0,,
NaN,,NaN,NaN,NaN,NaN,0,,
NaN,,NaN,NaN,NaN,NaN,0,,
NaN,,NaN,NaN,NaN,NaN,0,,
NaN,,NaN,NaN,NaN,NaN,0,,
NaN,,NaN,NaN,NaN,NaN,0,,
NaN,,NaN,NaN,NaN,NaN,0,,
NaN,,NaN,NaN,NaN,NaN,0,,
NaN,,NaN,NaN,NaN,NaN,0,,
NaN,,NaN,NaN,NaN,NaN,0,,
NaN,,NaN,NaN,NaN,NaN,0,,
NaN,,NaN,NaN,NaN,NaN,0,,
NaN,,NaN,NaN,NaN,NaN,0,,
NaN,,NaN,NaN,NaN,NaN,0,,
NaN,,NaN,NaN,NaN,NaN,0,,
NaN,,NaN,NaN,NaN,NaN,0,,
NaN,,NaN,NaN,NaN,NaN,0,,
NaN,,NaN,NaN,NaN,NaN,0,,
NaN,,NaN,NaN,NaN,NaN,0,,
NaN,,NaN,NaN,NaN,NaN,0,,
NaN,,NaN,NaN,NaN,NaN,0,,
NaN,,NaN,NaN,NaN,NaN,0,,
NaN,,NaN,NaN,NaN,NaN,0,,
NaN,,NaN,NaN,NaN,NaN,0,,
NaN,,NaN,NaN,NaN,NaN,0,,
NaN,,NaN,NaN,NaN,NaN,0,,
NaN,,NaN,NaN,NaN,NaN,0,,
NaN,,NaN,NaN,NaN,NaN,0,,
NaN,,NaN,NaN,NaN,NaN,0,,
NaN,,NaN,NaN,NaN,NaN,0,,
NaN,,NaN,NaN,NaN,NaN,0,,
NaN,,NaN,NaN,NaN,NaN,0,,
NaN,,NaN,NaN,NaN,NaN,0,,
NaN,,NaN,NaN,NaN,NaN,0,,
NaN,,NaN,NaN,NaN,NaN,0,,
NaN,,NaN,NaN,NaN,NaN,0,,
NaN,,NaN,NaN,NaN,NaN,0,,
NaN,,NaN,NaN,NaN,NaN,0,,
NaN,,NaN,NaN,NaN,NaN,0,,
NaN,,NaN,NaN,NaN,NaN,0,,
NaN,,NaN,NaN,NaN,NaN,0,,
NaN,,NaN,NaN,NaN,NaN,0,,
NaN,,NaN,NaN,NaN,NaN,0,,
NaN,,NaN,NaN,NaN,NaN,0,,
NaN,,NaN,NaN,NaN,NaN,0,,
NaN,,NaN,NaN,NaN,NaN,0,,
NaN,,NaN,NaN,NaN,NaN,0,,
NaN,,NaN,NaN,NaN,NaN,0,,
NaN,,NaN,NaN,NaN,NaN,0,,
NaN,,NaN,NaN,NaN,NaN,0,,
NaN,,NaN,NaN,NaN,NaN,0,,
NaN,,NaN,NaN,NaN,NaN,0,,
NaN,,NaN,NaN,NaN,NaN,0,,
NaN,,NaN,NaN,NaN,NaN,0,,
NaN,,NaN,NaN,NaN,NaN,0,,
NaN,,NaN,NaN,NaN,NaN,0,,
NaN,,NaN,NaN,NaN,NaN,0,,
NaN,,NaN,NaN,NaN,NaN,0,,
NaN,,NaN,NaN,NaN,NaN,0,,
NaN,,NaN,NaN,NaN,NaN,0,,
NaN,,NaN,NaN,NaN,NaN,0,,
NaN,,NaN,NaN,NaN,NaN,0,,
NaN,,NaN,NaN,NaN,NaN,0,,
NaN,,NaN,NaN,NaN,NaN,0,,
NaN,,NaN,NaN,NaN,NaN,0,,
NaN,,NaN,NaN,NaN,NaN,0,,
NaN,,NaN,NaN,NaN,NaN,0,,
NaN,,NaN,NaN,NaN,NaN,0,,
NaN,,NaN,NaN,NaN,NaN,0,,
NaN,,NaN,NaN,NaN,NaN,0,,
NaN,,NaN,NaN,NaN,NaN,0,,
NaN,,NaN,NaN,NaN,NaN,0,,
NaN,,NaN,NaN,NaN,NaN,0,,
NaN,,NaN,NaN,NaN,NaN,0,,
NaN,,NaN,NaN,NaN,NaN,0,,
NaN,,NaN,NaN,NaN,NaN,0,,
NaN,,NaN,NaN,NaN,NaN,0,,
NaN,,NaN,NaN,NaN,NaN,0,,
NaN,,NaN,NaN,NaN,NaN,0,,
NaN,,NaN,NaN,NaN,NaN,0,,
NaN,,NaN,NaN,NaN,NaN,0,,
NaN,,NaN,NaN,NaN,NaN,0,,
NaN,,NaN,NaN,NaN,NaN,0,,
NaN,,NaN,NaN,NaN,NaN,0,,
NaN,,NaN,NaN,NaN,NaN,0,,
NaN,,NaN,NaN,NaN,NaN,0,,
NaN,,NaN,NaN,NaN,NaN,0,,
NaN,,NaN,NaN,NaN,NaN,0,,
NaN,,NaN,NaN,NaN,NaN,0,,
NaN,,NaN,NaN,NaN,NaN,0,,
NaN,,NaN,NaN,NaN,NaN,0,,
NaN,,NaN,NaN,NaN,NaN,0,,
NaN,,NaN,NaN,NaN,NaN,0,,
NaN,,NaN,NaN,NaN,NaN,0,,
NaN,,NaN,NaN,NaN,NaN,0,,
NaN,,NaN,NaN,NaN,NaN,0,,
NaN,,NaN,NaN,NaN,NaN,0,,
NaN,,NaN,NaN,NaN,NaN,0,,
NaN,,NaN,NaN,NaN,NaN,0,,
NaN,,NaN,NaN,NaN,NaN,0,,
NaN,,NaN,NaN,NaN,NaN,0,,
NaN,,NaN,NaN,NaN,NaN,0,,
NaN,,NaN,NaN,NaN,NaN,0,,
NaN,,NaN,NaN,NaN,NaN,0,,
NaN,,NaN,NaN,NaN,NaN,0,,
NaN,,NaN,NaN,NaN,NaN,0,,
NaN,,NaN,NaN,NaN,NaN,0,,
NaN,,NaN,NaN,NaN,NaN,0,,
NaN,,NaN,NaN,NaN,NaN,0,,
NaN,,NaN,NaN,NaN,NaN,0,,
NaN,,NaN,NaN,NaN,NaN,0,,
NaN,,NaN,NaN,NaN,NaN,0,,
NaN,,NaN,NaN,NaN,NaN,0,,
NaN,,NaN,NaN,NaN,NaN,0,,
NaN,,NaN,NaN,NaN,NaN,0,,
NaN,,NaN,NaN,NaN,NaN,0,,
NaN,,NaN,NaN,NaN,NaN,0,,
NaN,,NaN,NaN,NaN,NaN,0,,
NaN,,NaN,NaN,NaN,NaN,0,,
NaN,,NaN,NaN,NaN,NaN,0,,
NaN,,NaN,NaN,NaN,NaN,0,,
NaN,,NaN,NaN,NaN,NaN,0,,
NaN,,NaN,NaN,NaN,NaN,0,,
NaN,,NaN,NaN,NaN,NaN,0,,
NaN,,NaN,NaN,NaN,NaN,0,,
NaN,,NaN,NaN,NaN,NaN,0,,
NaN,,NaN,NaN,NaN,NaN,0,,
NaN,,NaN,NaN,NaN,NaN,0,,
NaN,,NaN,NaN,NaN,NaN,0,,
NaN,,NaN,NaN,NaN,NaN,0,,
NaN,,NaN,NaN,NaN,NaN,0,,
NaN,,NaN,NaN,NaN,NaN,0,,
NaN,,NaN,NaN,NaN,NaN,0,,
NaN,,NaN,NaN,NaN,NaN,0,,
NaN,,NaN,NaN,NaN,NaN,0,,
NaN,,NaN,NaN,NaN,NaN,0,,
NaN,,NaN,NaN,NaN,NaN,0,,
NaN,,NaN,NaN,NaN,NaN,0,,
NaN,,NaN,NaN,NaN,NaN,0,,
NaN,,NaN,NaN,NaN,NaN,0,,
NaN,,NaN,NaN,NaN,NaN,0,,
